Mountain,Metres,Feet,Range,Location
Mount Everest,8848,29029,Himalayas  ,Nepal/China
K2,8612,28255,Karakoram  ,Pakistan/China
Kangchenjunga,8586,28169,Himalayas  ,Nepal/India
Lhotse,8516,27940,Himalayas  ,Nepal – Climbers ascend Lhotse Face in climbing Everest
Makalu,8485,27838,Himalayas  ,Nepal
Cho Oyu,8188,26864,Himalayas  ,"Nepal – Considered ""easiest"" eight-thousander"
Dhaulagiri,8167,26795,Himalayas  ,Nepal – Presumed world's highest from 1808-1838
Manaslu,8163,26781,Himalayas  ,Nepal
Nanga Parbat,8126,26660,Himalayas  ,Pakistan
Annapurna,8091,26545,Himalayas  ,Nepal – First eight-thousander to be climbed (1950)
Gasherbrum I (Hidden peak; K5),8080,26509,Karakoram  ,Pakistan/China – Originally named K5
Broad Peak,8051,26414,Karakoram  ,Pakistan/China
Gasherbrum II (K4),8035,26362,Karakoram  ,Pakistan/China – Originally named K4
Shishapangma,8027,26335,Himalayas  ,China
Gasherbrum III,7952,26089,Karakoram  ,Pakistan
Gyachung Kang,7952,26089,Himalayas  ,Nepal (Khumbu)/China
Annapurna II,7937,26040,Himalayas  ,Nepal
Gasherbrum IV (K3),7932,26024,Karakoram  ,Pakistan
Himalchuli,7893,25896,Himalayas  ,"Manaslu, Nepal"
Distaghil Sar,7885,25869,Karakoram  ,Pakistan
Ngadi Chuli,7871,25823,Himalayas  ,"Manaslu, Nepal"
Nuptse,7861,25791,Himalayas  ,"Everest Massif, Nepal"
Khunyang Chhish,7852,25761,Karakoram  ,Pakistan
Masherbrum (K1),7821,25659,Karakoram  ,Pakistan – Originally named K1
Nanda Devi,7816,25643,Himalayas  ,India (Uttarakhand)
Chomo Lonzo,7804,25604,Himalayas  ,"Makalu Massiff, Nepal/China"
Batura Sar,7795,25574,Karakoram  ,Pakistan
Kanjut Sar,7790,25558,Karakoram  ,Pakistan
Rakaposhi,7788,25551,Karakoram  ,Pakistan
Namcha Barwa,7782,25531,Himalayas  ,China
Batura II,7762,25466,Karakoram  ,Pakistan
Kamet,7756,25446,Himalayas  ,India (Uttarakhand)
Saltoro Kangri,7742,25400,Karakoram  ,India (Jammu and Kashmir)
Batura III,7729,25358,Karakoram  ,Pakistan
Jannu,7710,25295,Himalayas  ,"Kangchenjunga, Nepal"
Tirich Mir,7708,25289,Hindu Kush  ,Pakistan – #1 in Hindu Kush
Molamenqing,7703,25272,Himalayas  ,"Shishapangma group, China"
Gurla Mandhata,7694,25243,Himalayas (Nalakankar)  ,China
Saser Kangri,7672,25171,Karakoram  ,Pakistan / India (Jammu and Kashmir)
Chogolisa,7665,25148,Karakoram  ,Pakistan
Kongur Tagh,7649,25095,Pamir or Kunlun Mountains  ,China
Shispare,7611,24970,Karakoram  ,Pakistan
Silberzacken,7597,24925,Himalaya  ,Pakistan
Changtse,7583,24879,Himalayas  ,"Everest Massif, China"
Trivor,7577,24859,Karakoram  ,Karakoram – Pakistan
Gangkhar Puensum,7570,24836,Himalayas  ,Bhutan/China
Gongga Shan,7556,24790,Daxue Shan  ,"Sichuan, China"
Annapurna III,7555,24787,Himalayas  ,Nepal
Kula Kangri,7554,24783,Himalayas  ,China (possibly also Bhutan)
Skyang Kangri,7545,24754,Karakoram  ,Pakistan
Liankang Kangri,7535,24721,Himalayas  ,Bhutan/China
Yukshin Gardan Sar,7530,24705,Karakoram  ,Pakistan
Annapurna IV,7525,24688,Himalayas  ,Nepal
Saser Kangri II,7518,24665,Karakoram  ,India (Jammu and Kashmir)
Mamostong Kangri,7516,24659,Karakoram  ,India (Jammu and Kashmir)
Muztagh Ata,7509,24636,Kongur Tagh  ,China (Xinjiang)
Ismoil Somoni Peak,7495,24590,Pamir Mountains  ,Tajikistan
Saser Kangri III,7495,24590,Karakoram  ,India (Jammu and Kashmir)
Noshaq,7492,24580,Hindu Kush  ,Pakistan/Afghanistan – #1 in Afghanistan
Pumari Chhish,7492,24580,Karakoram  ,Pakistan
Passu Sar,7476,24528,Karakoram  ,Pakistan
Jongsong Peak,7462,24482,Himalayas  ,India/Nepal/China
Malubiting,7458,24469,Karakoram  ,Pakistan
Gangapurna,7455,24459,Annapurna Himalaya  ,Nepal
Muchu Chhish (Batura V),7453,24452,Karakoram  ,Pakistan
Jengish Chokusu,7439,24406,Tian Shan  ,China/Kyrgyzstan – #1 in Tian Shan
K12,7428,24370,Karakoram  ,India(Jammu and Kashmir)/Pakistan
Sia Kangri,7422,24350,Karakoram  ,Pakistan
Momhil Sar,7414,24324,Karakoram  ,Pakistan
Istor-o-Nal,7403,24288,Hindu Kush  ,Pakistan
Ghent Kangri,7401,24281,Karakoram  ,India (Jammu and Kashmir)/Pakistan
Haramosh Peak,7397,24268,Karakoram  ,Pakistan
Kabru,7394,24259,Himalayas  ,"Kanchenjunga, India (Sikkim)/Nepal"
Ultar,7388,24239,Karakoram  ,Pakistan
Rimo I,7385,24229,Karakoram  ,India (Jammu and Kashmir)
Sherpi Kangri,7380,24213,Karakoram  ,Pakistan
Churen Himal,7371,24183,Himalayas  ,Nepal
Labuche Kang,7367,24170,Himalayas  ,"near Cho Oyu, Nepal/China"
Kirat Chuli,7365,24163,Himalayas  ,Nepal/India (Sikkim) border
Skil Brum,7360,24147,Karakoram  ,"Pakistan – May also be given as 7,410 m"
Abi Gamin,7355,24131,Himalayas  ,India
Gimmigela Chuli,7350,24114,Himalayas  ,Nepal/India (Sikkim) border
Saraghrar,7340,24081,Hindu Kush  ,Pakistan
Bojohagur Duanasir,7329,24045,Karakoram  ,Pakistan
Chamlang,7319,24012,Himalayas  ,"Khumbu, Nepal"
Chongtar Kangri,7315,23999,Karakoram  ,Pakistan
Jomolhari / Chomolhari,7314,23996,Himalayas  ,Bhutan/China
Baltoro Kangri,7312,23990,Karakoram  ,Pakistan
Siguang Ri,7308,23976,Himalayas  ,China
Summa Ri,7302,23957,Himalayas  ,Pakistan
The Crown,7295,23934,Karakoram  ,China (Xinjiang)
Gyala Peri,7294,23930,Himalayas  ,China
Porong Ri,7292,23924,Himalayas  ,China
Baintha Brakk,7285,23901,Karakoram  ,Pakistan
Yutmaru Sar,7283,23894,Karakoram  ,Pakistan
K6,7282,23891,Karakoram  ,Pakistan – Also known as Baltistan Peak
Kangpenqing,7281,23888,Himalayas  ,China
Mana Peak,7272,23858,Himalayas  ,India (Uttarakhand) – SSE of Kamet
Muztagh Tower,7273,23862,Karakoram  ,Pakistan
Diran,7257,23809,Karakoram  ,Pakistan
Apsarasas Kangri,7245,23770,Karakoram  ,China/Pakistan
Langtang Lirung,7227,23711,Himalayas  ,Nepal
Karjiang,7221,23691,Himalayas  ,China
Annapurna South,7219,23684,Himalayas  ,Nepal
Khartaphu,7213,23665,Himalayas  ,China
Tongshanjiabu,7207,23645,Himalayas  ,Bhutan/China
Langtang Ri,7205,23638,Himalayas  ,Nepal/China
Kangphu Kang,7204,23635,Himalayas  ,Bhutan/China
Singhi Kangri,7202,23629,Himalayas  ,India/China
Lupghar Sar,7200,23622,Karakoram  ,Pakistan
Gurja Himal,7193,23599,Himalayas  ,Nepal
Melungtse,7181,23560,Rolwaling Himalayas  ,China
Liushi Shan,7167,23514,Kunlun  ,China – #1 in Kunlun
Baruntse,7162,23497,Himalayas  ,"Khumbu, Nepal"
Pumori,7161,23494,Himalayas  ,"Khumbu, Nepal"
Hardeol,7151,23461,Himalayas  ,India (Uttarakhand)
Gasherbrum V,7147,23448,Karakoram  ,Pakistan
Latok I,7145,23442,Karakoram  ,Pakistan
Kampire Dior,7143,23435,Karakoram  ,Pakistan
Nemjung,7140,23425,Himalayas  ,Nepal
Udren Zom,7140,23425,Hindu Kush  ,Pakistan
Chaukhamba,7138,23419,Himalayas  ,India (Uttarakhand)
Nun Kun,7135,23409,Karakoram  ,India(Jammu and Kashmir)
Tilicho Peak,7134,23406,Himalayas  ,"Annapurna Himal, Nepal"
Gauri Sankar,7134,23406,Rolwaling Himalayas  ,Nepal/China
Lenin Peak,7134,23406,Pamir Mountains  ,Tajikistan-Kyrgyzstan – #2 in Pamirs
Bularung Sar,7134,23406,Karakoram  ,Pakistan
Api,7132,23399,Himalayas  ,Nepal
Teri Kang,7124,23373,Himalayas  ,Bhutan
Pauhunri,7128,23386,Himalayas  ,India (Sikkim)/China
Trisul,7120,23360,Himalayas  ,India (Uttarakhand)
Korzhenevskaya,7105,23310,Pamir Mountains  ,Tajikistan – #3 in Pamirs
Lunpo Gangri,7095,23278,Himalayas (Gangdise)  ,China
Satopanth,7075,23212,Himalayas  ,India (Uttarakhand)
Tirsuli,7074,23209,Himalayas  ,India (Uttarakhand)
Dunagiri,7066,23182,Himalayas  ,India (Uttarakhand)
Kangto,7060,23163,Himalayas  ,India (Arunachal Pradesh)/China
Nyegyi Kansang,7047,23120,Himalayas  ,India (Arunachal Pradesh)/China
Chomolhari Kang,7046,23117,Himalayas  ,Bhutan
Salasungo,7043,23107,Himalayas  ,Nepal/China
Link Sar,7041,23100,Karakoram  ,Pakistan
Kezhen Peak,7038,23091,Karakoram  ,China (Xinjiang)
Shah Dhar,7038,23091,Hindu Kush  ,Pakistan/Afghanistan
Saipal,7031,23068,Himalayas  ,Nepal
Padmanabh,7030,23064,Himalayas  ,India
Spantik,7027,23054,Karakoram  ,Pakistan
Pamri Sar,7016,23018,Karakoram  ,Pakistan
Khan Tengri,7010,22999,Tian Shan  ,Kyrgyzstan-Kazakhstan-China
Machapuchare,6993,22943,"Annapurna Himalaya, Nepal – Officially unclimbed (attempts not allowed)",
Laila Peak (Haramosh Valley),6985,22917,"Karakoram, Pakistan",
Kang Guru,6981,22904,"Manaslu Himalaya, Nepal – 2005 avalanche kills 18",
Gasherbrum VI,6979,22897,"Karakoram, Pakistan",
Karun Kuh,6977,22890,"Karakoram, Pakistan",
Avicenna Peak,6974,22881,"Pamir Mountains, Tajikistan – #3 in Pamirs",
Ulugh Muztagh,6973,22877,"Kunlun Mountains, Often misquoted as 7,723 m",
Aconcagua,6962,22841,"Andes, Argentina – Highest in both the Western and Southern Hemispheres",
Napko Kangri,6956,22822,"Karakoram, China",
Sangemarmar Sar,6949,22799,"Karakoram, Pakistan",
Kedarnath (mountain),6940,22769,"Himalayas, India",
K7,6934,22749,Karakoram – Pakistan,
Panchchuli,6904,22651,"Himalayas, India",
Thalay Sagar,6904,22651,"Himalayas, India",
Lunkho e Dosare,6901,22641,"Hindu Kush, Afghanistan-Pakistan",
Lunag Ri,6895,22621,"Himalaya, Nepal-China",
Ojos del Salado,6891,22608,"Andes, Argentina-Chile – Highest volcano on Earth",
Siniolchu,6888,22598,"Kangchenjunga Himalaya, India (Sikkim)",
Kanjiroba,6883,22582,"Himalayas, Nepal",
Bairiga,6882,22579,Kangri Garpo,
Koyo Zom,6872,22546,"Hindu Kush, Pakistan",
Nanda Kot,6861,22510,"Himalayas, India (Uttarakhand)",
Kubi Gangri,6859,22503,"Himalayas, Nepal/China",
Angel Sar,6858,22500,"Karakoram, Pakistan",
Bhagirathi Parbat I,6856,22493,"Himalayas, India (Uttarakhand)",
Jethi Bahurani,6850,22474,"Himalayas, Nepal",
Chongra Peak,6830,22408,"Nanga Parbat Himalaya, Pakistan",
Chomo Yummo,6829,22405,"Sikkim, India/China",
Reo Purgyil,6816,22362,"Western Himalaya, India border – Highest in Himachal Pradesh",
Ama Dablam,6812,22349,"Himalayas, Nepal (Khumbu)",
Monte Pissis,6795,22293,"Andes, Argentina – Third highest in Western Hemisphere",
Kangtega,6782,22251,"Himalayas, Nepal",
Biarchedi,6781,22247,"Karakoram, Pakistan",
Huascarán Sur,6768,22205,"Andes, Peru – Highest",
Cerro Bonete,6759,22175,"Andes, Argentina",
Nevado Tres Cruces,6749,22142,"Andes, Argentina/Chile",
Kawagarbo,6740,22113,"Himalayas, China",
Llullaillaco,6739,22110,"Andes, Argentina/Chile",
Cho Polu,6735,22096,"Himalayas, Nepal (Khumbu)",
Kangju Kangri,6725,22064,"Karakoram, India (Jammu and Kashmir)",
Changla,6721,22051,"Himalayas, Nepal/China",
Mercedario,6720,22047,"Andes, Argentina",
Mount Pandim,6691,21952,"Himalayas, India (Sikkim)",
Num Ri,6677,21906,"Himalayas, Nepal (Khumbu)",
Lungser Kangri,6666,21870,"Ladakh, Himalayas, India (Jammu and Kashmir)",
Meru Peak,6660,21850,"Himalayas, India",
Gul Lasht Zom,6657,21841,"Hindu Kush, Pakistan",
Huascarán Norte,6655,21834,"Andes, Peru",
Khumbutse,6640,21785,"Himalayas, Nepal (Khumbu)/China – First peak west of Everest",
Mount Kailash,6638,21778,"Transhimalaya, western China – Officially unclimbed (attempts not allowed)",
Yerupajá,6635,21768,"Andes, Peru",
Nevado Tres Cruces Central,6629,21749,"Andes, Chile",
Thamserku,6623,21729,"Himalayas, Nepal (Khumbu)",
Geladaindong Peak,6621,21722,"Tanggula, China (Qinghai)",
Incahuasi,6621,21722,"Andes, Argentina/Chile",
Pangpoche,6620,21719,"Himalayas, Nepal",
Manirang,6597,21644,"Himalayas, India (Himachal Pradesh)",
Nilkantha,6596,21640,"Himalayas, India (Uttarakhand)",
Phuparash Peak,6574,21568,"Karakoram, Pakistan",
Sickle Moon Peak,6574,21568,"Himalayas, India (Jammu and Kashmir)",
Tupungato,6570,21555,"Andes, Argentina/Chile",
Buni Zom,6542,21463,"Hindu Raj, Pakistan",
Nevado Sajama,6542,21463,"Andes, Bolivia – Highest",
Ghamubar Zom,6518,21385,"Hindu Kush, Pakistan",
Singu Chuli,6501,21329,"Annapurna Himalayas, Nepal",
Taboche,6501,21329,"Himalayas, Nepal (Khumbu)",
Cerro El Muerto,6488,21286,"Andes, Argentina/Chile",
Mera Peak,6476,21247,"Himalayas, Nepal (Khumbu)",
Hiunchuli,6441,21132,"Annapurna Himalaya, Nepal",
Cholatse,6440,21129,"Himalayas, Nepal (Khumbu)",
Illimani,6438,21122,"Andes, Bolivia",
Ancohuma,6427,21086,"Andes, Bolivia",
Coropuna,6425,21079,"Andes, Peru",
Antofalla,6409,21027,"Andes, Argentina",
Kang Yatze,6400,20997,"Ladakh, Himalayas, India (Jammu and Kashmir)",
Huandoy,6395,20981,"Andes, Peru",
Ausangate,6384,20945,"Andes, Peru",
Chapaev Peak,6371,20902,"Tian Shan, Kyrgyzstan",
Illampu,6368,20892,"Andes, Bolivia",
Kusum Kangguru,6367,20889,"Himalayas, Nepal (Khumbu)",
Kinnaur Kailash,6349,20830,"Himalayas, Kinnaur, India (Himachal Pradesh)",
Parinaquta,6348,20827,"Andes, Bolivia/Chile",
Siula Grande,6344,20814,"Andes, Peru",
Bamba Dhura,6334,20781,"Himalayas, India (Uttarakhand)",
Ampato,6288,20630,"Andes, Peru",
Amne Machin,6282,20610,"Kunlun Mountains, China (Qinghai)",
Pomerape,6282,20610,"Andes, Bolivia/Chile",
Salcantay,6271,20574,"Andes, Peru",
Chimborazo,6267,20561,"Andes, Ecuador – Furthest point from Earth's center",
Mount Siguniang,6250,20505,"Qionglai Mountains, China (Sichuan)",
Grid Nie Mountain,6224,20420,"Hengduan Mountains, China (Sichuan)",
Yuzhu Peak,6224,20420,"Kunlun Mountains, China (Qinghai)",
Genyen Massif,6204,20354,"Shaluli Range, China (Sichuan)",
Kongde Ri,6187,20299,"Himalayas, Nepal (Khumbu)",
Aucanquilcha,6176,20262,"Andes, Chile",
Imja Tse,6189,20305,"Himalayas, Nepal (Khumbu)",
Denali (Mount McKinley),6168,20236,"Alaska Range, United States (Alaska) – Highest in North America",
Stok Kangri,6137,20135,"Himalayas, India (Jammu and Kashmir)",
Lobuche,6119,20075,"Himalayas, Nepal (Khumbu)",
Marmolejo,6108,20039,"Andes, Argentina/Chile",
Laila Peak (Hushe Valley),6096,20000,"Karakoram, Pakistan",
Pisang Peak,6091,19984,"Annapurna Himalaya, Nepal",
Huayna Potosí,6088,19974,"Andes, Bolivia",
Aracar,6082,19954,"Andes, Argentina",
Chachakumani,6074,19928,"Andes, Bolivia",
Chachani,6057,19872,"Andes, Peru",
Mianzimu,6054,19862,"Yunnan, China",
Acotango,6052,19856,"Andes, Bolivia/Chile",
Socompa,6051,19852,"Andes, Argentina/Chile",
Minglik Sar,6050,19849,"Karakoram, Pakistan",
Acamarachi,6046,19836,"Andes, Chile",
Shayaz,6026,19770,"Hindu Kush, Pakistan",
Hualca Hualca,6025,19767,"Andes, Peru",
Uturunku,6020,19751,"Andes, Bolivia",
Mitre Peak,6010,19718,"Karakoram, Pakistan",
Laila Peak,5971,19590,Himalaya  ,Pakistan
Mount Logan,5959,19551,Saint Elias Mountains  ,"Yukon, Canada – Highest in Canada"
Alpamayo,5947,19511,Andes  ,Peru
Cerro Lípez,5929,19452,Andes  ,Bolivia
Licancabur,5920,19423,Andes  ,Bolivia/Chile
Falak Sar,5918,19416,Hindu Kush  ,Pakistan
Cotopaxi,5897,19347,Andes  ,Ecuador – Second highest in Ecuador
Mount Kilimanjaro,5895,19341,Eastern Rift Mountains  ,Tanzania – Highest in Africa
Hkakabo Razi,5881,19295,Himalayas  ,Myanmar – Highest in Myanmar and Southeast Asia
San José,5856,19213,Andes  ,Chile
El Misti,5822,19101,Andes  ,Peru
Altun Shan,5798,19022,Altyn-Tagh  ,"Gansu, China"
Cayambe,5790,18996,Andes  ,Ecuador – Third highest in Ecuador
Pico Cristóbal Colón,5776,18950,Sierra Nevada de Santa Marta  ,Colombia – Highest coastal mountain
Antisana,5753,18875,Andes  ,Ecuador
Nevado Pisco,5752,18871,Andes  ,Peru
Nevado Anallajsi,5750,18865,Andes  ,Bolivia
Pokalde,5745,18848,Khumbu Himalayas  ,Nepal – 7 km SW of Everest
Ubinas,5672,18609,Andes  ,Peru – Active volcano (2006)
Pichu Pichu,5664,18583,Andes  ,Peru
Mount Elbrus,5642,18510,Caucasus Mountains  ,"North Caucasus, Russia – Highest in Caucasus"
Mehrbani Peak,5639,18501,Karakoram  ,Pakistan
Pico de Orizaba,5636,18491,Trans-Mexican Volcanic Belt  ,Mexico – Highest in Mexico
Mount Damavand,5610,18406,Alborz  ,"Iran – Highest in Iran and ME, highest volcano in Asia"
Nevado Mismi,5597,18363,Andes  ,Peru – Glacial source of the Amazon River
Jade Dragon Snow Mountain,5596,18360,Hengduan Mountains  ,"Yunnan, China"
Lascar Volcano,5592,18346,Andes  ,Chile
Mount Xuebaoding,5588,18333,Min Mountains  ,"Sichuan, China"
Kala Patthar,5545,18192,Khumbu Himalayas  ,Nepal – Popular trekking peak
Mount Saint Elias,5489,18009,Saint Elias Mountains  ,"Yukon, Canada/Alaska, US – Second highest in both countries"
Concord Peak,5469,17943,Pamir Mountains  ,Afghanistan–Tajikistan
Dindaw Razi,5464,17927,Himalayas  ,Myanmar
Machoi Peak,5458,17907,Himalaya  ,India (Jammu and Kashmir)
El Plomo,5450,17881,Andes  ,Chile
Bogda Feng,5445,17864,Tien Shan  ,"Xinjiang, China"
Mount Little Xuebaoding,5443,17858,Min Mountains  ,"Sichuan, China"
Cerro El Plomo,5434,17828,Andes  ,Chile – Largest peak visible from Santiago on clear days
Popocatépetl,5426,17802,Trans-Mexican Volcanic Belt  ,Mexico – Second highest in Mexico
Kolahoi Peak,5425,17799,Himalaya  ,India (Jammu and Kashmir) – Highest in Kashmir Valley
Chacaltaya,5421,17785,Andes  ,Bolivia
Mount Pomiu,5413,17759,Qionglai Range  ,"Sichuan, China"
Ritacuba Blanco,5410,17749,Andes  ,Colombia
Haba Xueshan,5396,17703,Himalaya  ,"Yunnan, China"
Nevado del Ruiz,5389,17680,Andes  ,"Colombia – 23,000 people died in 1985 eruption"
Nevado del Huila,5364,17598,Andes  ,Colombia
El Altar,5320,17454,Andes  ,Ecuador
Mount Foraker,5304,17402,Alaska Range  ,"Alaska, US"
Mount Haramukh,5300,17388,Himalaya  ,India (Jammu and Kashmir)
Nevado del Tolima,5276,17310,Andes  ,Colombia
Maipo,5264,17270,Andes  ,Argentina/Chile
Illiniza,5248,17218,Andes  ,Ecuador
Point 5240,5240,17192,Himalaya  ,"Jammu and Kashmir, India"
Sirbal Peak,5236,17178,Himalaya  ,"Kashmir Valley, India (Jammu and Kashmir)"
Sangay,5230,17159,Andes  ,Ecuador
Iztaccíhuatl,5230,17159,Trans-Mexican Volcanic Belt  ,Mexico – Third highest in Mexico
Mount Lucania,5226,17146,Saint Elias Mountains  ,"Yukon, Canada – Third highest in Canada"
Karakol Peak,5216,17113,Tian Shan  ,Kyrgyzstan
Dykh-Tau,5205,17077,Caucasus Mountains  ,"North Caucasus, Russia – Second highest in the Caucasus"
Shkhara,5201,17064,Caucasus Mountains  ,Georgia – Highest in Georgia
Mount Kenya,5199,17057,  ,"Kenya – Highest in Kenya, Second highest in Africa"
Malika Parbat,5190,17028,Himalaya  ,"Kaghan Valley, Pakistan – Highest in Kaghan Valley of Pakistan"
Amarnath Peak,5186,17014,Himalaya  ,"Kashmir Valley, India (Jammu and Kashmir)"
Laram Q'awa (Charaña),5182,17001,Andes  ,Bolivia
King Peak,5173,16972,Saint Elias Mountains  ,"Yukon, Canada – Fourth highest in Canada"
Boris Yeltsin Peak,5168,16955,Teskey Ala-Too  ,Kyrgyzstan
Koshtan-Tau,5150,16896,Caucasus Mountains  ,"North Caucasus, Russia"
Mount Ararat,5137,16854,  ,Turkey – Highest in Turkey
Mount Stanley,5109,16762,Ruwenzori Mountains  ,Democratic Republic of the Congo/Uganda – Third highest in Africa
Tami Razi,5101,16736,Himalayas  ,Myanmar
Mount Steele,5073,16644,Saint Elias Mountains  ,"Yukon, Canada – Fifth highest in Canada"
Janga,5051,16572,Caucasus Mountains  ,"Georgia / North Caucasus, Russia – Second highest in Georgia"
Mount Kazbek,5047,16558,Caucasus Mountains  ,Georgia – Third highest in the country
Tungurahua,5023,16480,Andes  ,Ecuador – Active volcano
Carihuairazo,5018,16463,Andes  ,Ecuador
Mount Bona,5005,16421,Saint Elias Mountains  ,"Alaska, US – Also given as 5,030 m or 5,045m"
Mount Blackburn,4996,16391,,"Wrangell Mtns., Alaska, US (also given 5036 m)"
Pico Bolívar,4981,16342,,"Sierra Nevada de Mérida, Andes, Venezuela – Highest in Venezuela"
Talgar Peak,4979,16335,,"Tian Shan, Kazakhstan – Highest in northern Tian Shan"
Shota Rustaveli Peak,4960,16273,,"Caucasus Mountains, Svaneti, Georgia/North Caucasus, Russia"
Gunshar,4950,16240,,"Kohistan District, Pakistan"
Mount Sanford,4949,16237,,"Wrangell Mtns., Alaska, US"
Pico Humboldt,4940,16207,,"Sierra Nevada de Mérida, Andes, Venezuela"
Pin Bhaba Pass,4930,16175,,"Pin Valley/Spiti Valley, Himalayas, India"
Vinson Massif,4892,16050,,"Sentinel Range, Ellsworth Mountains, Antarctica – Highest in Antarctica"
Pico Bonpland,4890,16043,,"Sierra Nevada de Mérida, Andes, Venezuela"
Puncak Jaya,4884,16024,,"Sudirman Range, Papua, Indonesia – Highest in Indonesia"
Pico La Concha,4870,15978,,"Sierra Nevada de Mérida, Andes, Venezuela"
Gistola,4860,15945,,"Caucasus Mountains, Svaneti, Georgia"
Tetnuldi,4858,15938,,"Caucasus Mountains, Svaneti, Georgia"
Mount Tyree,4852,15919,,"Sentinel Range, Ellsworth Mountains, Antarctica – Second highest in Antarctica"
Huaynaputina,4850,15912,,"Andes, Peru"
Alam Kuh,4850,15912,,"Alborz, Iran – Second highest in Iran"
Mount Wood,4842,15886,,"Saint Elias Mountains, Yukon, Canada"
Mount Vancouver,4812,15787,,"Saint Elias Mountains, Yukon, Canada"
Sabalan,4811,15784,,Iran
Mont Blanc,4810,15781,,"Mont Blanc massif, France/Italy – Highest in Alps"
Corazón,4790,15715,,"Andes, Ecuador"
Pichincha,4784,15696,,"Andes, Ecuador"
Jimara,4780,15682,,"Khokh Range, Caucasus Mountains, Georgia"
Mount Churchill,4766,15636,,"Saint Elias Mountains, Alaska, US"
Puncak Mandala,4760,15617,,"Papua, Indonesia"
Klyuchevskaya Sopka,4750,15584,,"Kamchatka, Russia"
Puncak Trikora,4750,15584,,"Papua, Indonesia"
Mont Blanc de Courmayeur,4748,15577,,"Mont Blanc massif, France/Italy"
Sunset Peak,4745,15568,,"Himalaya, Kashmir Valley, India (Jammu and Kashmir)"
Mount Slaggard,4742,15558,,"Saint Elias Mountains, Canada"
Pico Piedras Blancas,4740,15551,,"Sierra de la Culata, Andes, Venezuela"
Pico El Toro,4730,15518,,"Andes, Venezuela"
Tatakooti Peak,4725,15502,,"Himalaya, Kashmir Valley, India (Jammu and Kashmir)"
Rumiñahui,4721,15489,,"Andes, Ecuador"
Pico El Leon,4720,15486,,"Andes, Venezuela"
Ushba,4710,15453,,"Caucasus Mountains, Svaneti, Georgia"
Volcán Domuyo,4709,15449,,"Andes, Argentina"
Pico Los Nevados,4700,15420,,"Andes, Venezuela"
Pico Pan de Azucar,4680,15354,,"Sierra de la Culata, Andes, Venezuela"
Naltar Peak,4678,15348,,Pakistan
Mount Fairweather,4663,15299,,"Fairweather Range, Alaska, US"
Pico Mucuñuque,4660,15289,,"Andes, Venezuela"
Pico El Buitre,4650,15256,,"Andes, Venezuela"
Khazret Sultan,4643,15233,,"Gissar Range, Uzbekistan"
Sierra Negra,4640,15223,,Mexico
Dufourspitze (Monte Rosa),4634,15203,,"Pennine Alps, Switzerland – Highest point in Switzerland"
Dunantspitze (Monte Rosa),4632,15197,,"Pennine Alps, Switzerland"
Nordend (Monte Rosa),4609,15121,,"Pennine Alps, Switzerland-Italy"
Mount Hubbard,4577,15016,,Saint Elias Mountains
Nevado de Toluca,4577,15016,,Mexico
Mount Meru,4566,14980,,Tanzania
Zumsteinspitze (Monte Rosa),4563,14970,,"Pennine Alps, Switzerland-Italy"
Signalkuppe (Monte Rosa),4554,14941,,"Pennine Alps, Switzerland-Italy"
Dom,4545,14911,,"Pennine Alps, Switzerland"
Ras Dashen,4533,14872,,Ethiopia – Highest point in Ethiopia
Eastern Liskamm (Lyskamm),4533,14872,,"Pennine Alps, Switzerland-Italy"
Mount Bear,4521,14833,,"Saint Elias Mountains, Alaska, US"
Mount Wilhelm,4509,14793,,"Bismarck Range, Papua New Guinea"
Mount Karisimbi,4507,14787,,"Virunga Mountains, Rwanda/DRC"
Mount Walsh,4507,14787,,"Saint Elias Mountains, Canada"
Belukha Mountain,4506,14783,,"Altay Mountains, Russia"
Weisshorn,4506,14783,,"Pennine Alps, Switzerland"
Tebulosmta,4493,14741,,"Caucasus Mountains, Georgia/Chechnya, Russia"
Täschhorn,4491,14734,,"Pennine Alps, Switzerland"
Bazarduzu Dagi,4485,14715,,Azerbaijan
Matterhorn,4478,14692,,"Pennine Alps, Switzerland/Italy"
Mount Rutford,4477,14688,,"Sentinel Range, Ellsworth Mountains, Antarctica"
Mont Maudit,4465,14649,,"Mont Blanc massif, France/Italy"
Babis Mta,4454,14613,,"Caucasus Mountains, Georgia/Russia"
Mount Shani,4451,14603,,"Caucasus Mountains, Georgia/Russia"
Dena,4448,14593,,"Zagros Mountains, Iran"
Vladimir Putin Peak,4446,14587,,"Kyrgyz Alatau, Kyrgyzstan"
Mount Hunter,4442,14573,,"Alaska Range, Alaska, US"
Parrotspitze (Monte Rosa),4432,14541,,"Pennine Alps, Switzerland-Italy"
La Malinche,4430,14534,,"Cordillera Neovolcanica, Mexico"
Mount Whitney,4421,14505,,"Sierra Nevada, California, US"
Mount Alverstone,4420,14501,,"Saint Elias Mountains, Alaska, US/Yukon, Canada"
University Peak,4411,14472,,"Saint Elias Mountains, Alaska, US"
Aello Peak,4403,14446,,"Saint Elias Mountains, Alaska, US"
Mount Elbert,4402,14442,,"Sawatch Range, Colorado, US"
Mount Massive,4395,14419,,"Sawatch Range, Colorado, US"
Mount Harvard,4395,14419,,"Sawatch Range, Colorado, US"
Mount Rainier,4392,14409,,"Cascades, Washington, US"
Apharwat Peak,4390,14403,,"Gulmarg, India (Jammu and Kashmir)"
Kholeno,4387,14393,,"Alborz, Iran"
Mount Williamson,4382,14377,,"Sierra Nevada, California, US"
Tavan Bogd Uul,4374,14350,,"Bayan-Ölgii Province, Mongolia – Highest point in Mongolia"
Blanca Peak,4374,14350,,"Rocky Mountains, Colorado, US"
La Plata Peak,4372,14344,,"Sawatch Range, Colorado, US"
Mount Giluwe,4368,14331,,Papua New Guinea
Burchula,4364,14318,,"Caucasus Mountains, Georgia"
Uncompahgre Peak,4361,14308,,"San Juan Mountains, Colorado, US"
Dent Blanche,4357,14295,,"Pennine Alps, Switzerland"
Crestone Peak,4357,14295,,"Sangre de Cristo Range, Colorado, US"
Mount Lincoln,4354,14285,,"Mosquito Range, Colorado, US"
Azad Kuh,4355,14288,,"Alborz, Iran"
Grays Peak,4350,14272,,"Front Range, Colorado, US"
Mount Evans,4350,14272,,"Front Range, Colorado, US"
Quandary Peak,4350,14272,,"Tenmile Range, Colorado, US"
Lalveri,4350,14272,,"Caucasus Mountains, Svaneti, Georgia"
Mount Antero,4349,14268,,"Sawatch Range, Colorado, US"
Torreys Peak,4349,14268,,"Front Range, Colorado, US"
Castle Peak,4348,14265,,"Elk Mountains, Colorado, US"
Longs Peak,4346,14259,,"Front Range, Colorado, US"
McArthur Peak,4344,14252,,"Saint Elias Mountains, Yukon"
Mount Wilsion,4342,14245,,"San Juan Mountains, Colorado, US"
White Mountain Peak,4342,14245,,"White Mountains, California, US"
North Palisade,4341,14242,,"Sierra Nevada, California, US"
Ludwigshöhe (Monte Rosa),4341,14242,,"Pennine Alps, Switzerland-Italy"
Mount Shavano,4337,14229,,"Sawatch Range, Colorado, US"
Colima,4330,14206,,Mexico
Crestone Needle,4327,14196,,"Sangre de Cristo Range, Colorado, US"
Mount Belford,4327,14196,,"Sawatch Range, Colorado, US"
Mount Princeton,4327,14196,,"Sawatch Range, Colorado, US"
Mount Shasta,4322,14180,,"California, US"
Mount Elgon,4321,14177,,Uganda-Kenya
Mount Bross,4320,14173,,"Mosquito Range, Colorado, US"
Kit Carson Mountain,4318,14167,,"Sangre de Cristo Range, Colorado, US"
Mount Wrangell,4317,14163,,"Alaska, US"
Maroon Peak,4315,14157,,"Elk Mountains, Colorado, US"
Tabeguache Peak,4315,14157,,"Sawatch Range, Colorado, US"
El Diente Peak,4315,14157,,"San Juan Mountains, Colorado, US"
Mount Sill,4314,14154,,"Sierra Nevada, California, US"
Grand Combin,4313,14150,,"Pennine Alps, Switzerland"
Mount Oxford (Colorado),4313,14150,,"Sawatch Range, Colorado, US"
Mount Sneffels,4312,14147,,"San Juan Mountains, Colorado, US"
Mount Democrat,4312,14147,,"Mosquito Range, Colorado, US"
Capitol Peak,4307,14131,,"Elk Mountains, Colorado, US"
Pikes Peak,4302,14114,,"Front Range, Colorado, US"
Mount Russell,4296,14094,,"Sierra Nevada, California, US"
Snowmass Mountain,4295,14091,,"Elk Mountains, Colorado, US"
Lenzspitze,4294,14088,,"Pennine Alps, Switzerland"
Mount Eolus,4292,14081,,"San Juan Mountains, Colorado, US"
Windom Peak,4292,14081,,"San Juan Mountains, Colorado, US"
Challenger Point,4292,14081,,"Sangre de Cristo Range, Colorado, US"
Mount Columbia,4291,14078,,"Sawatch Range, Colorado, US"
Mount Adishi,4290,14075,,"Caucasus Mountains, Svaneti, Georgia"
Mount Augusta,4290,14075,,"Saint Elias Mountains, Alaska, US"
Humboldt Peak (Colorado),4287,14065,,"Sangre de Cristo Range, Colorado, US"
Split Mountain,4287,14065,,"Sierra Nevada, California, US"
Mount Bierstadt,4286,14062,,"Front Range, Colorado, US"
Diklosmta,4285,14058,,"Caucasus Mountains, Tusheti, Georgia"
Sunlight Peak,4285,14058,,"San Juan Mountains, Colorado, US"
Mount Sidley,4285,14058,,"Volcanic Seven Summits, Antarctica"
Missouri Mountain,4282,14049,,"Sawatch Range, Colorado, US"
Culebra Peak,4282,14049,,"Colorado, US"
Handies Peak,4281,14045,,"San Juan Mountains, Colorado, US"
Ellingwood Point,4280,14042,,"Sangre de Cristo Range, Colorado, US"
Mount Lindsey,4280,14042,,"Sangre de Cristo Range, Colorado, US"
Little Bear Peak,4279,14039,,"Sangre de Cristo Range, Colorado, US"
Mount Sherman,4278,14035,,"Mosquito Range, Colorado, US"
Redcloud Peak,4277,14032,,"San Juan Mountains, Colorado, US"
Galeras,4276,14029,,"Andes, Columbia"
Mount Langley,4275,14026,,"Sierra Nevada, California, US"
Finsteraarhorn,4274,14022,,"Bernese Alps, Switzerland"
Pyramid Peak,4273,14019,,"Elk Mountains, Colorado, US"
Mount Tyndall,4273,14019,,"Sierra Nevada, California, US"
Wilson Peak,4272,14016,,"San Juan Mountains, Colorado, US"
Mount Muir,4272,14016,,"Sierra Nevada, California, US"
San Luis Peak,4271,14012,,"San Juan Mountains, Colorado, US"
Wetterhorn Peak,4271,14012,,"San Juan Mountains, Colorado, US"
Middle Palisade,4271,14012,,"Sierra Nevada, California, US"
Huron Peak,4269,14006,,"Sawatch Range, Colorado, US"
Mount of the Holy Cross,4269,14006,,"Sawatch Range, Colorado, US"
Thunderbolt Peak,4268,14003,,"Sierra Nevada, California, US"
Sunshine Peak,4268,14003,,"San Juan Mountains, Colorado, US"
Mount Strickland,4260,13976,,"Saint Elias Mountains, Yukon, Canada"
Pigeon Peak,4259,13973,,"San Juan Mountains, Colorado, US"
Mount Kennedy,4250,13944,,"Saint Elias Mountains, Yukon, Canada"
Pointe Bayeux,4258,13970,,"Graian Alps, Mont Blanc massif, France"
Mont Blanc du Tacul,4248,13937,,"Graian Alps, Mont Blanc massif, France"
Stecknadelhorn,4241,13914,,"Pennine Alps, Switzerland"
Avalanche Peak,4228,13871,,"Saint Elias Mountains, Yukon, Canada"
Castor,4223,13855,,"Pennine Alps, Switzerland"
Zinalrothorn,4221,13848,,"Pennine Alps, Switzerland"
Volcán Tajumulco,4220,13845,,Guatemala
Hohberghorn,4219,13842,,"Pennine Alps, Switzerland"
Turret Peak,4217,13835,,"Needle Mountains, Colorado, US"
Mount Darwin,4216,13832,,"Sierra Nevada, California, US"
Mount Hayes,4216,13832,,"Alaska, US"
Sacabaya,4215,13829,,Bolivia
Grandes Jorasses,4208,13806,,"Mont Blanc massif, France/Italy"
Gannett Peak,4208,13806,,"Wind River Range, Wyoming, US"
Mauna Kea,4207,13802,,"Hawaii, US"
Alphubel,4206,13799,,"Pennine Alps, Switzerland"
Cofre de Perote,4201,13783,,Mexico
Zard-Kuh,4200,13780,,"Zagros Mountains, Iran"
Shah Alborz,4200,13780,,"Alborz, Iran"
Rimpfischhorn,4199,13776,,"Pennine Alps, Switzerland"
Grand Teton,4199,13776,,"Teton Range, Wyoming, US"
Mount Cook,4196,13766,,"Saint Elias Mountains, Canada/US"
Aletschhorn,4192,13753,,"Bernese Alps, Switzerland"
Strahlhorn,4190,13747,,"Pennine Alps, Switzerland"
Fremont Peak,4189,13743,,"Wind River Range, Wyoming, US"
Mount Warren,4182,13720,,"Wind River Range, Wyoming, US"
Mount Sidley,4181,13717,,Antarctica
Mount Abbot,4180,13714,,"California, US"
Dent d'Hérens,4171,13684,,"Pennine Alps, Switzerland"
Mauna Loa,4171,13684,,"Hawaii, US"
Jbel Toubkal,4167,13671,,"Atlas Mountains, Morocco"
Mount Minto,4165,13665,,Antarctica
Breithorn (Western Summit),4164,13661,,"Pennine Alps, Switzerland/Italy"
Jungfrau,4158,13642,,"Bernese Alps, Switzerland"
Bishorn,4153,13625,,"Pennine Alps, Switzerland"
Mount Helen,4151,13619,,"Wind River Range, Wyoming, US"
El Mela,4150,13615,,"Andes, Argentina"
Mount Quincy Adams,4150,13615,,"Fairweather Range, Canada/US"
Doublet Peak,4145,13599,,"Wind River Range, Wyoming, US"
Turret Peak,4145,13599,,"Wind River Range, Wyoming, US"
Mount Parnassus (Colorado),4137,13573,,"Front Range, Rocky Mountains, Colorado, US"
Uludoruk (Reşko / Gelyaşin),4137,13573,,"Cilo Daglari Hakkari, Turkey"
Mount Sacagawea,4136,13570,,"Wind River Range, Wyoming, US"
Mount Dubois,4135,13566,,"White Mountains, California, US"
Mount Muhabura,4127,13540,,"Virunga Mountains, Musanze, Rwanda"
Kings Peak,4125,13533,,"Uinta Range, Utah, US"
Aiguille Verte,4122,13524,,"Mont Blanc massif, France"
Mount Bangeta,4121,13520,,Papua New Guinea
Mount Dickerson,4120,13517,,"Queen Alexandra Range, Antarctica"
Monte Tlaloc,4120,13517,,"Mexican Volcanic Belt, Mexico – Archaeological ruins at summit"
Jackson Peak,4120,13517,,"Wind River Range, Wyoming, US"
Cilo Dağı,4116,13504,,"Cilo Range, Eastern Taurus, Turkey"
Mount Woodrow Wilson,4115,13501,,"Wind River Range, Wyoming, US"
Aiguilles du Diable,4114,13497,,"Graian Alps, Mont Blanc massif, France"
Bastion Peak,4113,13494,,"Wind River Range, Wyoming"
Aiguille Blanche de Peuterey,4112,13491,,"Mont Blanc massif, Italy"
Mönch,4107,13474,,"Bernese Alps, Switzerland"
Mount Febbas,4105,13468,,"Wind River Range, Wyoming, US"
Barre des Écrins,4102,13458,,"Dauphiné Alps, France"
Mount Aragats,4095,13435,,Armenia
Mount Cameroon,4095,13435,,Cameroon
Mount Kinabalu,4095,13435,,"Sabah, Malaysia – Highest in Malaysia"
Grizzly Peak D,4093,13428,,"Front Range, Rocky Mountains, Colorado, US"
Pollux,4092,13425,,"Pennine Alps, Switzerland"
Mount Wade,4085,13402,,"Prince Olav Mountains, Antarctica"
Nairamdal Peak,4082,13392,,"Altai Mountains, Mongolia"
Mount Victoria,4072,13360,,Papua New Guinea
Centennial Peak,4070,13353,,"Prince Olav Mountains, Antarctica"
Gran Paradiso,4061,13323,,"Graian Alps, Italy"
Ober Gabelhorn,4053,13297,,"Pennine Alps, Switzerland"
Piz Bernina,4049,13284,,"Bernina Alps, Switzerland"
Fiescherhorn,4049,13284,,"Bernese Alps, Switzerland"
Grünhorn,4043,13264,,"Bernese Alps, Switzerland"
Lauteraarhorn,4042,13261,,"Bernese Alps, Switzerland"
Aiguille du Géant,4035,13238,,"Graian Alps, Mont Blanc massif, France"
Mount Silverthrone,4030,13222,,"Alaska Range, Alaska, US"
Mount Sniktau,4034,13235,,"Front Range, Rocky Mountains, Colorado, US"
Azufral,4030,13222,,Colombia
Allalinhorn,4027,13212,,"Pennine Alps, Switzerland"
Wind River Peak,4021,13192,,"Wind River Range, Wyoming, US"
Latsga,4019,13186,,"Caucasus Mountains, Svaneti, Georgia"
Weissmies,4017,13179,,"Pennine Alps, Switzerland"
Mount Waddington,4016,13176,,"British Columbia, Canada"
Mount Marcus Baker,4016,13176,,"Chugach Range, Alaska, US"
Dôme de neige des Écrins,4015,13173,,"Dauphiné Alps, France"
Conejos Peak,4015,13173,,"San Juan Mountains, Colorado, US"
Dent du Géant,4013,13166,,"Mont Blanc massif, France/Italy"
Red Slate Mountain,4013,13166,,"Sierra Nevada, California, US"
Cloud Peak,4013,13166,,"Big Horn Mountains, Wyoming, US"
Wheeler Peak,4012,13163,,"Sangre de Cristo Mountains, New Mexico, US"
Lagginhorn,4010,13156,,"Pennine Alps, Switzerland"
Twilight Peak,4010,13156,,"San Juan Mountains, Colorado, US"
Francs Peak,4009,13153,,"Absaroka Range, Wyoming, US"
Mount Lahili,4009,13153,,"Svaneti Range, Svaneti, Georgia"
Mount Walter,4005,13140,,"New Mexico, US"
Les Droites,4000,13123,,"Mont Blanc massif, France"
Piz Zupò,3995,13107,,"Bernina Range, Switzerland"
Truchas Peak,3994,13104,,"Sangre de Cristo Mountains, New Mexico"
Fletschhorn,3993,13100,,"Pennine Alps, Switzerland"
Mount Albert Edward,3990,13091,,Papua New Guinea
La Meije,3987,13081,,"Dauphiné Alps, France"
Wheeler Peak,3982,13064,,"Snake Range, Nevada"
Mount Dana,3981,13061,,California
Acatenango,3976,13045,,Guatemala
Piz Roseg,3973,13035,,"Bernina Range, Switzerland"
Piz Scerscen,3971,13028,,"Bernina Range, Switzerland"
Eiger,3967,13015,,"Bernese Oberland, Switzerland"
Mount Tochal,3964,13005,,"Alborz, Iran"
Black Tooth Mountain,3964,13005,,"Bighorn Mountains, Wyoming"
Grand Cornier,3962,12999,,"Pennine Alps, Switzerland"
Mount Owen,3957,12982,,"Teton Range, Wyoming"
Ailefroide,3954,12972,,"Dauphiné Alps, France"
Mount Robson,3954,12972,,Highest point in the Canadian Rockies
Descabezado Grande,3953,12969,,Chile
Yu Shan (Mount Jade),3952,12966,,Highest point in Taiwan and East Asia
Mont Pelvoux,3946,12946,,"Dauphiné Alps, France"
Mount Julian,3940,12927,,"Colorado, United States"
Mount Khalatsa,3938,12920,,"Disputed, South Ossetia or Georgia"
Ajusco,3930,12894,,Mexico
Mount Erciyes,3916,12848,,"Central Anatolia, Turkey"
Bomber Mountain,3914,12841,,"Bighorn Range, Wyoming, United States"
Pic Sans Nom,3919,12858,,"Dauphiné Alps, France"
Jicarita Peak,3912,12835,,"Sangre de Cristo Mountains, New Mexico"
Ortler,3905,12812,,Italy South Tyrol
Piz Palü,3905,12812,,"Bernina Range, Switzerland"
Middle Teton,3903,12805,,"Teton Range, Wyoming"
Aiguille d'Argentière,3902,12802,,"Mont Blanc massif, France/Switzerland"
Granite Peak,3901,12799,,"Montana, US – Highest point"
Mount Gibbs,3893,12772,,"Sierra Nevada, California, US"
Mount Crillon,3879,12726,,"Fairweather Range, Alaska, US"
Mont Blanc de Cheilon,3870,12697,,"Pennine Alps, Switzerland"
Aiguille du Goûter,3863,12674,,"Graian Alps, Mont Blanc massif, France"
Borah Peak,3861,12667,,"Idaho, US – Highest point"
Grande Casse,3855,12648,,"Vanoise Massif, France"
Humphreys Peak,3852,12638,,"Arizona, US – Highest point"
Santa Fe Baldy,3847,12621,,"Sangre de Cristo Mountains, New Mexico"
Mount Baldwin,3845,12615,,"Sierra Nevada, California, US"
Aiguille du Midi,3842,12605,,"Graian Alps, Mont Blanc Massif, France"
Mount Moran,3842,12605,,"Wyoming, US"
Monte Viso,3841,12602,,Italian Alps
Sauyr Zhotasy,3840,12598,,Kazakhstan
Mount Saramati,3826,12552,,"Patkai Range, Nagaland, India"
Nesthorn,3822,12539,,"Bernese Alps, Switzerland"
Cerro Chirripó,3820,12533,,Highest in Costa Rica
Aiguille des Glaciers,3816,12520,,"Mont Blanc massif, France/Italy"
South Teton,3814,12513,,"Teton Range, Wyoming"
La Râteau,3809,12497,,"Dauphiné Alps, France"
Mount Kerinci,3800,12467,,Highest volcano in Indonesia
Grossglockner,3798,12461,,Austria – Highest point
Pigne d'Arolla,3796,12454,,"Pennine Alps, Switzerland"
Mount Erebus,3794,12448,,Antarctica – Southernmost active volcano
Mont Pourri,3779,12398,,"Vanoise Massif, France"
Mount Fuji,3776,12388,,Japan – Highest in Japan
Wildspitze,3774,12382,,Austria
Greenhorn Mountain,3763,12346,,"Wet Mountains, Colorado, US"
Volcán de Fuego,3763,12346,,Guatemala
Mount Villard,3760,12336,,"Montana, US"
Teewinot Mountain,3757,12326,,"Teton Range, Wyoming, US"
Aiguille du Dru,3754,12316,,"Graian Alps, France"
Aoraki / Mount Cook,3754,12316,,New Zealand – Highest point in New Zealand
Pointe de Charbonnel,3752,12310,,"Graian Alps, France"
Piz Morteratsch,3751,12306,,"Bernina Range, Switzerland"
Sawtooth Mountain,3750,12303,,"Front Range, Colorado, US"
Mount Davis,3750,12303,,"California, US"
Mount Morrison,3750,12303,,"California, US"
Mount Taibai,3750,12303,,"Qin Mountains, China – Highest point east of Tibetan massif"
Aiguille de la Grande Sassière,3747,12293,,"Graian Alps, France"
Lanín,3747,12293,,"Andes, Chile/Argentina"
Mount Adams,3743,12280,,"Cascade Range, Washington, US"
Mount Columbia,3747,12293,,Canadian Rockies – Highest in Alberta
Mount Adams,3743,12280,,"Washington, US"
Teepe Pillar,3739,12267,,"Teton Range, Wyoming, US"
Weißkugel,3739,12267,,"Alps, Austria/Italy"
Minarets,3735,12254,,"Sierra Nevada, California"
Mount Huntington,3731,12241,,"Alaska Range, Alaska, US"
Bedori Peak,3727,12228,,"Forward Kahuta, Azad Kashmir, Pakistan"
Mount Rinjani,3726,12224,,Indonesia
Cerro del Potosí,3721,12208,,Mexico
Diamond Peak,3719,12201,,"Idaho, US"
Teide,3718,12198,,Canary Islands – Highest in Spain
Asperity Mountain,3716,12192,,Waddington Range
Cerro de la Viga,3712,12178,,Mexico
Delano Peak,3711,12175,,"Utah, US - Highest peak in the Tushar Mountains"
Sahand,3707,12162,,"East Azerbaijan, Iran"
Monte San Lorenzo,3706,12159,,"Patagonia, Argentina-Chile"
Wetterhorn,3701,12142,,"Bernese Alps, Switzerland"
Mount Valhalla,3699,12136,,"Alaska, US"
Dent Parrachée,3697,12129,,"Vanoise massif, France"
Gunnbjørn,3694,12119,,highest in Greenland
North Twin Peak,3684,12087,,Canadian Rockies
Monte Disgrazia,3678,12067,,"Bregaglia, Switzerland"
Semeru,3676,12060,,"Java, Indonesia"
Les Bans,3669,12037,,"Ecrins, France"
Cloudveil Dome,3666,12028,,"Teton Range, Wyoming, US"
Thor Peak,3666,12028,,"Teton Range, Wyoming, United States"
Medicine Bow Peak,3661,12011,,"Wyoming, US"
Hyndman Peak,3660,12008,,"Idaho, US"
Mount Clemenceau,3658,12001,,Canadian Rockies
Mount Frakes,3654,11988,,"Crary Mountains, Antarctica"
Grande Motte,3653,11985,,"Vanoise Massif, France"
Sierra Blanca,3652,11982,,"Sacramento Mountains, New Mexico"
Pointe de la Fournache,3642,11949,,"Vanoise massif, France"
Buck Mountain,3639,11939,,"Teton Range, Wyoming"
Mount Nebo,3636,11929,,"Utah, US"
Mount Charleston,3632,11916,,"Nevada, US"
Hintere Schwärze,3628,11903,,"Ötztal Alps, Austria/Italy"
Nez Perce Peak,3627,11900,,"Teton Range, Wyoming, US"
Mount Alberta,3619,11873,,Canadian Rockies
Mount Assiniboine,3618,11870,,Canadian Rockies
Tödi,3614,11857,,Swiss Alps
Mount Forbes,3612,11850,,Canadian Rockies
Lautaro,3607,11834,,"Patagonia, Chile"
Dôme de la Sache,3601,11814,,"Vanoise massif, France"
Castle Peak,3601,11814,,"Idaho, US"
Dôme de l'Arpont,3601,11814,,"Vanoise massif, France"
Dôme de Chasseforêt,3586,11765,,"Vanoise massif, France"
Makra Peak,3586,11765,,Pakistan
Sierra Velluda,3585,11762,,Chile
Grand Roc Noir,3582,11752,,"Vanoise massif, France"
Mount Timpanogos,3582,11752,,"Utah, United States"
Mount Alvand,3580,11745,,"Hamedan, Iran"
Dôme des Nants,3570,11713,,"Vanoise massif, France"
Ryan Peak,3570,11713,,"Idaho, US"
South Twin Peak,3566,11699,,Canadian Rockies
Olan,3564,11693,,"Ecrins, France"
Aiguille de Péclet,3561,11683,,"Vanoise massif, France"
Presanella,3558,11673,,"Adamello-Presanella, Italy"
Mount Steere,3558,11673,,Antarctica
Monarch Mountain,3555,11663,,"Pacific Ranges, British Columbia, Canada"
Monte Leone,3552,11654,,"Lepontine Alps, Switzerland"
Mont Turia,3550,11647,,"Vanoise massif, France"
Mount Temple,3543,11624,,Canadian Rockies
Disappointment Peak,3541,11617,,"Teton Range, Wyoming"
Mount Woodring,3533,11591,,"Teton Range, Wyoming"
Aiguille de Polset,3531,11585,,"Vanoise Massif, France"
Snow Dome,3520,11549,,Canadian Rockies
Aiguilles d'Arves,3515,11532,,"Arve Massif, France"
Mount Ellen (Utah),3513,11526,,"Henry Mountains, Utah, US – Last surveyed mountain range in US lower 48 states"
Mont de Gébroulaz,3511,11519,,"Vanoise massif, France"
Mount San Gorgonio,3505,11499,,"California, US"
Mount Kitchener,3505,11499,,Canadian Rockies
Zuckerhütl,3505,11499,,"Stubai Alps, Austria"
Mount Wister,3502,11490,,"Teton Range, Wyoming"
Mount Saskatchewan,3500,11483,,"Yukon, Canada"
Mount Tasman,3497,11473,,"Southern Alps, New Zealand"
Mount Hungabee,3492,11457,,Canadian Rockies
Mount Athabasca,3491,11453,,Canadian Rockies
Tronador,3491,11453,,Chile/Argentina
Mount Saint John,3484,11430,,"Teton Range, Wyoming"
Thabana Ntlenyana,3482,11424,,"Drakensberg, Africa"
Pointes du Châtelard,3479,11414,,"Vanoise massif, France"
Mulhacén,3479,11414,,Spain – Highest in continental Spain
Mount Berlin,3478,11411,,"Flood Range, Antarctica"
Mount Pennell,3478,11411,,"Henry Mountains, Utah, US."
Volcán Barú,3475,11401,,"Chiriquí, Panama"
Koh-i-Takatu Sraghurgai,3472,11391,,"Quetta Sraghurgai, Suleman Range, Pakistan – 2nd Highest Peak in Balochistan Province"
Roc des Saints Pères,3470,11385,,"Vanoise massif, France"
Mount Brazeau,3470,11385,,Canadian Rockies
Mount Nyiragongo,3470,11385,,"Virunga Mountains, DRC"
Ruby Dome,3470,11385,,"Ruby Mountains, Nevada"
Roche de la Muzelle,3465,11368,,"Dauphine Alps, France"
Mount Victoria,3464,11365,,Canadian Rockies
Abajo Peak,3463,11362,,"Abajo Mountains, Utah"
Eagle Peak,3462,11358,,"Absaroka Range, Wyoming, United States"
Doane Peak,3461,11355,,"Teton Range, Wyoming, US"
Ranger Peak,3461,11355,,"Teton range, Wyoming, US"
Mount Takahe,3460,11352,,Antarctica
Cerro de la Muerte,3451,11322,,Second highest in Costa Rica
Furgghorn,3451,11322,,"Pennine Alps, Switzerland"
Mafadi,3450,11319,,"Drakensberg, South Africa"
Mount Andromeda,3450,11319,,Canadian Rockies
Boulder Mountain,3449,11316,,"Utah, US. Highest timbered plateau in N America"
Mount Joffre,3449,11316,,Canadian Rockies
Hilgard Peak,3449,11316,,"Madison Range, Montana, US"
Static Peak,3445,11302,,"Teton Range, Wyoming, US"
Thousand Lake Mountain,3444,11299,,"Utah, US"
Pointe de la Sana,3436,11273,,"Vanoise massif, France"
Eagles Rest Peak,3431,11257,,"Teton Range, Wyoming, US"
Irazú Volcano,3431,11257,,Costa Rica
Mount Hood,3429,11250,,"Cascade Range, Oregon, US"
Verpeilspitze,3425,11237,,Austria
Deltaform Mountain,3424,11234,,Canadian Rockies
Mount Lefroy,3423,11230,,Canadian Rockies
Pointe de l'Échelle,3422,11227,,"Vanoise massif, France"
Pointe du Bouchet,3420,11220,,"Vanoise massif, France"
Mount Fitzgerald,3418,11214,,"Ruby Mountains, Nevada, US"
Bellecôte,3417,11211,,"Vanoise massif, France"
Crazy Peak,3417,11211,,"Montana, US"
Emi Koussi,3415,11204,,"Tibesti Mountains, Chad"
Piz Linard,3410,11188,,Switzerland
Mount Woolley,3405,11171,,Canadian Rockies
Aneto,3404,11168,,"Pyrenees, Spain – Highest in Pyrenees"
Lone Mountain,3404,11168,,"Madison Range, Montana, US"
Fluchthorn,3399,11152,,"Silvretta, Austria-Switzerland"
Grand Bec,3398,11148,,"Vanoise massif, France"
Rockchuck Peak,3397,11145,,"Teton Range, Wyoming"
Pico Veleta,3396,11142,,"Sierra Nevada, Spain – Location of the highest road in Europe"
Mount Hector,3394,11135,,Canadian Rockies
Piz Platta,3392,11129,,Swiss Alps
Telescope Peak,3392,11129,,Death Valley
Champagne Castle,3377,11079,,"Drakensberg, South Africa"
Pic Uzu,3376,11076,,"Tibesti, Libya-Chad"
Cerro Chaltén,3375,11073,,"Patagonia, Argentina-Chile"
Mount Spurr,3374,11070,,Alaska
Pointe du Vallonnet,3372,11063,,"Vanoise massif, France"
Mammoth Mountain,3371,11060,,California
Fründenhorn,3369,11053,,"Bernese Alps, Switzerland"
Pointe Renod,3368,11050,,"Vanoise massif, France"
Traverse Peak,3368,11050,,"Teton Range, Wyoming"
Mount Edith Cavell,3363,11033,,Canadian Rockies
Dôme des Sonnailles,3361,11027,,"Vanoise massif, France"
Valvelspitze,3360,11024,,Austria
Mount Etna,3357,11014,,"Metropolitan City of Catania, Italy"
Mount Agepsta,3357,11014,,"Gagra Range, Abkhazia, Georgia"
Mount Munday,3356,11010,,"Pacific Ranges, B.C., Canada"
Pointe de Claret,3355,11007,,"Vanoise massif, France"
Monte Perdido,3355,11007,,Pyrenees
Electric Peak,3343,10968,,"Gallatin Range, Montana"
Marmolada,3343,10968,,"Dolomites, Italy – Highest mountain of the Dolomites"
Mount Saskatchewan,3342,10965,,Canadian Rockies
Cerro Fábrega,3335,10942,,"Bocas Del Toro, Panama"
Ward Mountain,3333,10935,,"Nevada, US"
Pointe de Méan Martin,3330,10925,,"Vanoise massif, France"
Dôme de Polset,3326,10912,,"Vanoise massif, France"
Cathedral Peak,3326,10912,,"California, US"
Raynolds Peak,3325,10909,,"Teton Range, Wyoming"
Rolling Thunder Mountain,3324,10906,,"Teton Range, Wyoming"
Mount Hampton,3323,10902,,Antarctica
Dôme des Pichères,3319,10889,,"Vanoise massif, France"
Grand Roc,3316,10879,,"Vanoise massif, France"
Giant's Castle,3315,10876,,"Drakensberg, South Africa"
Sunwapta Peak,3315,10876,,Canadian Rockies
Piz Buin,3312,10866,,"Silvretta, Austria-Switzerland"
Mount Ball,3311,10863,,Canadian Rockies
Piz Badile,3308,10853,,"Bregaglia, Switzerland"
Ağ Dağ,3306,10846,,"Bozgush mountain range, East Azerbaijan, Iran"
San Jacinto Peak,3302,10833,,"California, US"
Didi Abuli,3301,10830,,Georgia
Silberhorn,3300,10827,,"Southern Alps, New Zealand"
Bivouac Peak,3299,10823,,"Teton Range, Wyoming"
Mount Wilbur,3298,10820,,"Fairweather Range, Alaska, US"
Monte Argentera,3297,10817,,"Maritime Alps, Italy"
Mount Rose (Nevada),3287,10784,,"Carson Range, Nevada"
Mount Samsari,3285,10778,,"Abul-Samsari Range, Georgia"
Roche Chevrière,3281,10764,,"Vanoise massif, France"
Habicht,3277,10751,,"Stubai Alps, Austria"
Thompson Peak,3277,10751,,"Idaho, US"
Mount Chephren,3266,10715,,Canadian Rockies
Pointe de Thorens,3266,10715,,"Vanoise massif, France"
Mount Cramer,3266,10715,,"Idaho, US"
Toussidé,3265,10712,,"Tibesti Mountains, Chad-Libya"
Antelao,3264,10709,,"Dolomites, Italy"
Mont Pelve,3261,10699,,"Vanoise massif, France"
Mount Stanley Baldwin,3256,10682,,"Columbia Mountains, B.C., Canada"
Sandia Crest,3255,10679,,"New Mexico, US"
Épaule du Bouchet,3250,10663,,"Vanoise massif, France"
Mount Smythe,3246,10650,,Canadian Rockies
Wildstrubel,3243,10640,,"Bernese Alps, Switzerland"
Williams Peak,3242,10636,,"Idaho, US"
Mount Hope,3239,10627,,"Highest British mountain, British Antarctic Territory"
Titlis,3238,10623,,"Bernese Alps, Switzerland"
Owl Peak,3235,10614,,"Teton Range, Wyoming"
Mount Mackenzie King,3234,10610,,"Cariboo Mountains, B.C., Canada"
Pointe des Buffettes,3233,10607,,"Vanoise massif, France"
Lisenser Spitze,3230,10597,,"Stubai Alps, Austria"
Mount Terror,3230,10597,,Antarctica
Aiguille Rouge,3227,10587,,"Vanoise massif, France"
Monte Civetta,3220,10564,,"Dolomites, Italy"
Symmetry Spire,3219,10561,,"Teton Range, Wyoming"
Glacier Peak,3213,10541,,"Washington, US"
Pointe du Dard,3212,10538,,"Vanoise massif, France"
Mount Binalud,3211,10535,,"Alborz, Iran"
Pointe de la Réchasse,3206,10518,,"Vanoise massif, France"
Mount Jefferson,3204,10512,,"Montana, US"
Mount Jefferson,3199,10495,,"Cascade Range, Oregon, US"
Dreiländerspitze,3197,10489,,"Silvretta, Austria-Switzerland"
Mount Kita,3193,10476,,"Akaishi Mountains, Japan"
Mount Hotaka,3190,10466,,"Hida Mountains, Japan"
Mount Cleveland,3190,10466,,"Montana, US"
Ainodake,3189,10463,,"Akaishi Mountains, Japan"
Lassen Peak,3189,10463,,"California, US"
Mount Galatea,3185,10449,,"Kananaskis Range, Alberta, Canada"
Rendezvous Mountain,3185,10449,,"Teton Range, Wyoming, US"
Saviers Peak,3182,10440,,"Idaho, US"
Mount Yari,3180,10433,,"Hida Mountains, Japan"
Kendrick Peak,3178,10427,,"San Francisco Peaks, USA"
Kendrick Peak,3178,10427,,"San Francisco Peaks, USA"
Parícutin,3170,10400,,Mexico
Mount Aylmer,3162,10374,,Canadian Rockies
South Sister,3157,10358,,"Cascade Range, Oregon, US"
Stanley Peak,3155,10351,,"Ball Range, Canadian Rockies"
Jøkulkyrkja,3148,10328,,Antarctica
Pica d'Estats,3143,10312,,"Spanish–French border, Pyrenees"
Phan Xi Păng,3143,10312,,"Sa pa, Vietnam"
Mount Arakawa,3141,10305,,"Akaishi Mountains, Japan"
Gray Peak,3140,10302,,"Yellowstone National Park, Wyoming, US"
Mount Heyburn,3139,10299,,"Idaho, US"
Mount Washburn,3122,10243,,"Yellowstone National Park, Wyoming, US"
Mount Collie,3116,10223,,Canadian Rockies
Mount Siple,3110,10203,,Antarctica
Pirchinassi,3110,10203,,Muzaffarabad Azad Kashmir
Mount Redoubt,3108,10197,,"Alaska, US"
Mount Babel,3101,10174,,"Bow Range, Alberta, Canada"
Mount Emei,3099,10167,,China
Pico Duarte,3098,10164,,Dominican Republic
Trapper Peak,3096,10157,,"Montana, US"
Storm Mountain,3095,10154,,Canadian Rockies
Mount Blackmore,3094,10151,,"Montana, US"
Mount Stimson,3091,10141,,"Montana, US"
Mol Len,3088,10131,,"Patkai Range, Nagaland-India/Burma<http://www.peaklist.org/WWlists/ultras/burma.html>"
Qurnat as Sawdā’,3088,10131,,Lebanon
Mount Richardson,3086,10125,,Canadian Rockies
Kintla Peak,3079,10102,,"Livingston Range, Montana, US"
Mount Moulton,3078,10098,,Antarctica
Smoky Dome,3077,10095,,"Idaho, US"
Jebel akthar,3075,10089,,Oman
North Sister,3074,10085,,"Cascade Range, Oregon, US"
Piton des Neiges,3069,10069,,"Réunion, France"
Mount San Antonio,3068,10066,,"San Gabriel Mountains, California, US"
Mount Ontake,3067,10062,,Japan
Mount Jackson,3064,10052,,"Lewis Range, Montana, US"
Middle Sister,3062,10046,,"Cascade Range, Oregon, US"
Mount Wutai,3061,10043,,"Shanxi, China"
Mount Nyamuragira,3058,10033,,Democratic Republic of the Congo
Haleakala,3057,10030,,"Hawaii, US"
Crowfoot Mountain,3055,10023,,Canadian Rockies
Mount Chester,3054,10020,,Canadian Rockies
Mount Siyeh,3052,10013,,"Montana, US"
Mount Merritt,3049,10003,,"Montana, US"
Cerro de Coxóm,3045,9990,,Guatemala
Parseierspitze,3036,9961,,Austria
Mount Senjō,3033,9951,,"Akaishi Mountains, Japan"
Mount Aspiring/Tititea,3033,9951,,New Zealand
Kinnerly Peak,3031,9944,,"Montana, US"
Mount Agung,3031,9944,,"Bali, Indonesia"
Mount McArthur,3021,9911,,Canadian Rockies
Mount Norikura,3026,9928,,"Hida Mountains, Japan"
Tsiteli Khati,3026,9928,,"Kharuli Range, Georgia"
Mount Tate,3015,9892,,"Hida Mountains, Japan"
Mount Japvo,3014,9888,,"Barail Range, Nagaland, India"
Mount Tahat,3003,9852,,Algeria – Highest
Sapitwa,3002,9849,,"Mulanje Massif, Malawi"
The Fortress,3000,9843,,Canadian Rockies
Tre Cime di Lavaredo,2999,9839,,Province of Belluno Italy
Pizzo Centrale,2999,9839,,Switzerland
Cascade Mountain,2998,9836,,"Vermillion Range, Canadian Rockies, Canada"
Copahue,2997,9833,,"Andes, Argentina/Chile"
Mount Girouard,2985,9793,,"Fairholme Range, Canadian Rockies, Canada"
Pico da Neblina,2994,9823,,"Serra do Imeri, Amazonas, Brazil – Highest"
Mount Whyte,2983,9787,,"Bow Range, Canadian Rockies, Canada"
Miranjani,2980,9777,,Pakistan
Forellen Peak,2979,9774,,"Teton Range, Wyoming, US"
Mount Andrus,2978,9770,,"Ames Range, Antarctica"
Mount Niblock,2976,9764,,"Bow Range, Canadian Rockies, Canada"
Pico 31 de Março,2973,9754,,"Serra do Imeri, Amazonas, Brazil"
Keele Peak,2972,9751,,"Mackenzie Mountains, Yukon, Canada"
Mount Odin,2970,9744,,"Monashee Mountains, B.C., Canada"
Schilthorn,2970,9744,,"Bernese Alps, Switzerland"
Mount Tallac,2968,9738,,"Sierra Nevada, California, US"
Mount Inglismaldie,2964,9724,,"Fairholme Range, Canadian Rockies, Canada"
Mount Ramelau,2963,9721,,Highest in East Timor
Zugspitze,2962,9718,,Germany – Highest
Slide Mountain (Nevada),2957,9701,,"Carson Range, Nevada"
Little Alberta,2956,9698,,"Sir Winston Churchill Range, Canadian Rockies, Canada"
Mount Arfak,2955,9695,,"Arfak Mountains, West Papua, Indonesia"
Iron Mountain,2955,9695,,"Soldier Mountains, Idaho, US"
Apo,2954,9692,,Philippines – Highest
Fossil Mountain,2946,9665,,"Banff NP, Alberta, Canada"
Coma Pedrosa,2942,9652,,"Pyrenees, Andorra – Highest"
Going to the Sun Mountain,2939,9642,,"Lewis Range, Montana, US"
Fishers Peak,2936,9633,,"Raton Mesas, Colorado-New Mexico, US"
Pilot Mountain,2935,9629,,"Massive Range, Canadian Rockies, Canada"
Uri Rotstock,2928,9606,,Switzerland
Musala,2925,9596,,"Rila Mountain, Bulgaria – Highest"
Mount Pulag,2926,9600,,Philippines
Mount Olympus,2917,9570,,"Thessaly/Macedonia, Greece – Highest"
Vihren,2914,9560,,"Pirin Mountain, Bulgaria"
Mount Gould,2912,9554,,"Montana, US"
Corno Grande,2912,9554,,Abruzzo Italy
Mount Blakiston,2910,9547,,"Flathead Range, Canadian Rockies, Canada"
Puigmal,2909,9544,,"Spanish–French border, Pyrenees"
Kutelo,2908,9541,,"Pirin Mountain, Bulgaria"
Mount Sas dla Crusc,2907,9537,,"Dolomites, Italy"
Chutine Peak,2903,9524,,"Coast Range, British Columbia, Canada"
Malka Musala,2902,9521,,"Rila Mountain, Bulgaria"
Rising Wolf Mountain,2900,9514,,"Lewis Range, Montana, US"
Bonanza Peak,2899,9511,,"Cascade Range, Washington, US"
Mount McLoughlin,2894,9495,,"Mount McLoughlin, Oregon, US"
Pic de Sanfonts,2894,9495,,"Pyrenees, Andorra"
Pico da Bandeira,2892,9488,,"Serra do Caparaó, Minas Gerais/Espírito Santo, Brazil"
Collarada,2886,9469,,"Pyrenees, Spain"
Banski Suhodol,2884,9462,,"Pirin Mountain, Bulgaria"
Boardman Peak,2882,9455,,"Soldier Mountains, Idaho, US"
Mount Wrightson,2882,9455,,"Santa Rita Mountains, Arizona, US"
Lembert Dome,2880,9449,,"California, US"
Sacajawea Peak,2876,9436,,"Wallowa Mountains, Oregon, US"
Mount Stuart,2869,9413,,"Cascades, Washington, US"
Mount Fisht,2867,9406,,"Adygea, Russia"
Mount Silverthrone,2865,9400,,"British Columbia, Canada"
Mount Baden-Powell,2864.75,9399,,"San Gabriel Mountain, California, US"
Triglav,2864,9396,,Slovenia – Highest
Mount Saint Nicholas,2858,9377,,"Montana, US"
Irechek,2852,9357,,"Rila Mountain, Bulgaria"
Polezhan,2851,9354,,"Pirin Mountain, Bulgaria"
Mount Tabayoc,2842,9324,,"Cordillera Range, Benguet, Philippines"
Mount Wilbur,2841,9321,,"Montana, US"
Pico do Fogo,2829,9281,,Cape Verde – Highest
Kamenitsa,2822,9259,,"Pirin Mountain, Bulgaria"
Bayuvi dupki,2820,9252,,"Pirin Mountain, Bulgaria"
Mount Fernow,2819,9249,,"Washington, US"
Mount Hermon,2814,9232,,Syria and Lebanon; a subpeak on its southern slopes is within the Israeli-occupied Golan Heights region
Mount Deakin,2810,9219,,Antarctica
Mount Cory,2802,9193,,"Alberta, Canada"
Mount Thielsen,2799,9183,,"Cascades, Oregon, US"
Pedra da Mina,2798,9180,,"Serra da Mantiqueira, Minas Gerais/São Paulo, Brazil"
Mount Ruapehu,2797,9177,,"Tongariro National Park, North Island, New Zealand"
Copper Mountain,2795,9170,,"Alberta, Canada"
Maiella,2793,9163,,Abruzzo Italy
Pico das Agulhas Negras,2792,9160,,"Serra do Itatiaia, Minas Gerais/Rio de Janeiro, Brazil"
Deno,2790,9154,,"Rila Mountain, Bulgaria"
Hayes Volcano,2788,9147,,"Alaska, US"
Mount Edziza,2787,9144,,"British Columbia, Canada"
Canigou,2784,9134,,"Pyrenees, France"
Mount Weaver,2780,9121,,Antarctica
Buckner Mountain,2778,9114,,"Washington, US"
Mount Longonot,2776,9108,,"Great Rift Valley, Kenya"
Seven Fingered Jack,2774,9101,,"Washington, US"
Mount Nirvana,2773,9098,,"Northwest Territories, Canada"
Pico do Cristal,2770,9088,,"Serra do Caparaó, Minas Gerais, Brazil"
Chief Mountain,2768,9081,,"Montana, US"
Ovcharets,2768,9081,,"Rila Mountain, Bulgaria"
Lincoln Peak,2768,9081,,"Washington, US"
Castle Mountain,2766,9075,,"Canadian Rockies, Canada"
Pyramid Mountain,2766,9075,,"Canadian Rockies, Canada"
Pico Naiguata (Avila),2765,9072,,"Caracas, Venezuela"
Mount Bachelor,2764,9068,,"Formerly Bachelor Butte, Cascade Mountains, Oregon, US"
Mount Korab,2764,9068,,North Macedonia & Albania – Highest
Yalovarnika,2763,9065,,"Pirin Mountain, Bulgaria"
Gazey,2761,9058,,"Pirin Mountain, Bulgaria"
Mount Sir James MacBrien,2759,9052,,Canada
Kaymakchal,2753,9032,,"Pirin Mountain, Bulgaria"
Mount Olympus,2751,9026,,"Utah, US"
Todorka,2746,9009,,"Pirin Mountain, Bulgaria"
Mawson Peak,2745,9006,,Highest in Australian Antarctic Territory
Fairview Mountain,2744,9003,,"Bow Range, Canadian Rockies, Canada"
Mount Baekdu,2744,9003,,North Korea/China Highest in North Korea
Škrlatica,2740,8990,,"Julian Alps, Slovenia"
Monte Roraima,2739,8986,,"Serra de Pacaraima, Roraima, Brazil"
Heavens Peak,2739,8986,,"Montana, US"
Mount Spickard,2737,8980,,"North Cascades, US"
Banderishki Chukar,2732,8963,,"Pirin Mountain, Bulgaria"
Mount Melbourne,2732,8963,,Antarctica
Cerro El Pital,2730,8957,,El Salvador – Highest
Mount Redoubt,2730,8957,,"Washington, US"
Dzhengal,2730,8957,,"Pirin Mountain, Bulgaria"
Malyovitsa,2729,8953,,"Rila Mountain, Bulgaria"
Pizzo di Claro,2727,8947,,"Ticino, Switzerland"
Mount Morning,2723,8934,,Antarctica
Phu Xai Lai Leng,2720,8924,,Laos
Serles,2718,8917,,"Stubai Alps, Austria"
Mount Singakalsa (Timbak),2717,8914,,"Cordillera Range, Benguet, Philippines"
Watzmann,2713,8901,,"Bavarian Alps, Germany"
Boston Peak,2711,8894,,"Washington, US"
Schiahorn,2709,8888,,Switzerland
Grotto Mountain,2706,8878,,"Canadian Rockies, Canada"
Mount Haku,2702,8865,,"Ryōhaku Mountains, Japan"
Eldorado Peak,2701,8862,,"Washington, US"
Anaimudi,2695,8842,,"Kerala, India – #1 in Western Ghats, India"
Maja Jezerce,2694,8839,,"#1 in Dinaric Alps, Albania"
Half Dome,2693,8835,,"Sierra Nevada, California, US"
Mount Louis,2682,8799,,"Alberta, Canada"
Mount Discovery,2681,8796,,Antarctica
Morro do Couto,2680,8793,,"Serra das Prateleiras, Rio de Janeiro, Brazil"
Pic de la Selle,2680,8793,,Haiti
Mount Garibaldi,2678,8786,,"British Columbia, Canada"
Bashliyski Chukar,2670,8760,,"Pirin Mountain, Bulgaria"
Pedra do Sino,2670,8760,,"Serra dos Órgãos, Rio de Janeiro, Brazil"
Guadalupe Peak,2667,8750,,"Guadalupe Mountains, Texas – Highest in Texas"
Gjeravica,2656,8714,,"Accursed Mountains, Kosovo – Highest in Kosovo"
Großer Krottenkopf,2656,8714,,"Allgäu Alps, Tyrol, Austria"
Pic del Port Vell,2655,8711,,"Pyrenees, Andorra"
Gerlachov Peak,2655,8711,,"High Tatras, Slovakia"
Mount Michelson,2652,8701,,"Chugach Mountains, Alaska, US"
Torre Cerredo,2650,8694,,"Picos de Europa, Spain – Highest in Picos de Europa"
Mount St. Piran,2649,8691,,"Bow Range, Alberta, Canada"
Mount Meager,2645,8678,,"British Columbia, Canada"
Mount Trus Madi,2642,8668,,"Trus Madi Range, Sabah, Malaysia – No. 2 in Malaysia"
Meesapulimala,2640,8661,,"Tamil Nadu/Kerela, India"
Doddabetta,2637,8652,,"Tamil Nadu, India"
Piton de la Fournaise,2631,8632,,Réunion
Mount Crean,2630,8629,,Victoria Land
Naina Peak (China Peak),2619,8593,,"India, Uttarakhand"
Cardinal Peak,2618,8589,,"Washington, US"
Peña Vieja,2617,8586,,"Picos de Europa, Cantabria, Spain"
Barbeau Peak,2616,8583,,"Nunavut, Canada – Highest in Nunavut"
Pelister Peak,2601,8533,,North Macedonia
Mount Abao,2596,8517,,Philippines
Pico Almanzor,2592,8504,,Spain
Mount Currie,2591,8501,,"BC, Canada"
Pizzo Molare,2585,8481,,"Ticino, Switzerland"
Mount Tavkvetili,2583,8474,,Georgia
Mount Tambuyukon,2579,8461,,"Sabah, Malaysia"
Argonaut Peak,2576,8451,,"Washington, US"
Doi Inthanon,2565,8415,,Thailand – Highest in Thailand
Cooke's Peak/Cook's Peak,2563,8409,,"New Mexico, US"
Pic dels Aspres,2562,8406,,"Pyrenees, Andorra"
Ledyanaya,2562,8406,,Russia – Highest of the Koryak Mountains
Aguja Saint Exupery,2558,8392,,Argentina
Mount St. Helens,2550,8366,,"Washington, US"
Big Hatchet Peak,2547,8356,,"New Mexico, US"
Moldoveanu Peak,2544,8346,,Romania
Mount Vineuo,2536,8320,,Papua New Guinea
Negoiu Peak,2535,8317,,Romania
Vistea Mare,2527,8291,,Romania
Pidurutalagala,2524,8281,,Sri Lanka
Mount Norquay,2522,8274,,"Canadian Rockies, Canada"
Hualalai,2521,8271,,"Hawaii, US"
Mount Yesenin,2520,8268,,Antarctica
Parangu Mare,2519,8264,,Romania
Mount Taranaki/Egmont,2518,8261,,New Zealand
Garfield Peak,2512,8241,,"Wyoming, US"
Mount Joern,2510,8235,,Antarctica
Mount Veniaminof,2507,8225,,"Alaska, US"
Omu Peak,2505,8219,,Romania
Rysy,2503,8212,,"Tatras, Poland/Slovakia"
Mount Tymfi,2497,8192,,"Pindus, Greece"
Monte Velino,2487,8159,,Abruzzo Italy
Monte Vettore,2476,8123,,Abruzzo Italy
Špik,2472,8110,,"Julian Alps, Slovenia"
Luna Peak,2470,8104,,"British Columbia, Canada"
Galdhøpiggen,2469,8100,,Norway – Highest
Kanlaon,2465,8087,,"Negros Occidental and Negros Oriental, Philippines"
Glittertind,2464,8084,,Norway
El Capitan,2464,8084,,"Texas, US"
Shimbiris,2464,8084,,Somalia
Mayon,2463,8081,,"Albay, Philippines"
Monte Gorzano,2458,8064,,Abruzzo Italy
Mount Psiloritis,2456,8058,,"Crete, Greece"
Mount Pachnes (Lefka Ori),2453,8048,,"Crete, Greece"
Sulphur Mountain,2451,8041,,"Canadian Rockies, Canada"
Sunset Crater,2451,8041,,"Arizona, US"
Cima del Redentore (Sibillini Mountains),2448,8031,,Marche - Umbria Italy
Faraya Mzaar,2444,8018,,"Keserwan, Lebanon"
Triple Divide Peak,2444,8018,,"Montana, US"
Blackcomb Peak,2436,7992,,"Whistler BC, Canada"
Monte Binga,2436,7992,,"Manica, Mozambique"
Mount Olympus,2432,7979,,"Washington, US"
Peñalara,2430,7972,,Spain
Mesa de los Tres Reyes,2428,7966,,"Navarre, Spain – Highest point in Navarre"
Mount Daniel,2426,7959,,"Washington, US"
Mount Murud,2423,7949,,"Kelabit Highlands, Sarawak, Malaysia – Highest mountain in Sarawak"
Mocho,2422,7946,,"Los Ríos Region, Chile"
Choshuenco,2415,7923,,"Los Ríos Region, Chile"
Ivis Peak,2414,7920,,"Los Ríos Region, Chile"
Ha Ling Peak,2408,7900,,"Canadian Rockies, Alberta, Canada"
Store Skagastølstind,2405,7890,,Norway
Hajla,2403,7884,,Kosovo
Le Tabor,2389,7838,,"Dauphine Alps, France"
Kirigalpottha,2388,7835,,Sri Lanka
Maglić,2386,7828,,Bosnia and Herzegovina – Highest in Bosnia and Herzegovina
Emory Peak,2385,7825,,"Texas, US"
Mount Cayley,2385,7825,,"British Columbia, Canada"
Mount Galwey,2377,7799,,"Canadian Rockies, Canada"
Botev Peak,2376,7795,,"Balkan Mountain, Bulgaria"
Mount Mulu,2376,7795,,"Gunung Mulu National Park, Sarawak, Malaysia"
Mount Deception,2374,7789,,"Washington, US"
Mount Aix,2367,7766,,"Washington, US"
Mount Karthala,2361,7746,,"Comoros, Indian Ocean"
Totapala Kanda,2357,7733,,Sri Lanka
Signal Mountain,2353,7720,,"Wyoming, US"
Mount Pico,2351,7713,,"Azores, Portugal – Highest in Portugal"
Grimming,2351,7713,,"Styria, Austria – Highest Monolith in Europe"
Monte Sirente,2347,7700,,Abruzzo Italy
Mount Blum,2340,7677,,North Cascades
Mount Popomanaseu,2335,7661,,"Guadalcanal, Solomon Islands – Highest in Solomon Islands"
Monte Priora,2333,7654,,Marche Italy
Mount Prophet,2330,7644,,North Cascades
Mount Griggs,2317,7602,,"Alaska, US"
Mount Makarakomburu,2310,7579,,"Guadalcanal, Solomon Islands"
Lalla Khedidja,2308,7572,,"Djurdjura Mountains, Algeria"
Lavender Peak,2306,7566,,"British Columbia, Canada"
Pietrosul Rodnei Peak,2303,7556,,"Rodnei Mountains, Romanian Carpathian Mountains, Romania"
Mount Sir Allan MacNab,2297,7536,,"Premier Range, British Columbia, Canada"
Murree,2291,7516,,"Rawalpindi, Pakistan"
Kozi Wierch,2291,7516,,"Tatras, Poland"
Cherni Vrah,2290,7513,,"Vitosha Mountain, Bulgaria"
Druesberg,2282,7487,,"Alps, Switzerland"
Ineu Peak,2279,7477,,"Rodnei Mountains, Romanian Carpathian Mountains, Romania"
Mount Huye,2278,7474,,Rwanda
Bikku Bitti,2267,7438,,Libya – Second Highest in country
Blue Mountains,2256,7402,,Jamaica – Highest in Country
Mount Dietz,2250,7382,,Antarctica
Sri Pada Mountain,2243,7359,,Sri Lanka
Mount John Laurie,2240,7349,,"Canadian Rockies, Alberta, Canada"
Red Butte,2232,7323,,"Arizona, US"
Čvrsnica,2228,7310,,"Herzegovina, BiH"
Mount Kosciuszko,2228,7310,,"Snowy Mountains, New South Wales, Australia – Highest on mainland"
Camoghe,2228,7310,,"Ticino, Switzerland"
Commonwealth Mountain,2225,7300,,"Nunavut, Canada"
Mount Chiginagak,2221,7287,,"Alaska, US"
Monte Terminillo,2217,7274,,Lazio Italy
Slavyanka,2212,7257,,"Pirin Mountain, Bulgaria"
Mount Oxford (Nunavut),2210,7251,,"Nunavut, Canada"
Mount Townsend,2209,7247,,"Snowy Mountains, New South Wales, Australia – Second-highest on mainland"
Black Elk Peak,2207,7241,,"South Dakota, US – Highest in state"
Golden Hinde,2198,7211,,"#1 on Vancouver Island, British Columbia, Canada"
Mount Twynam,2196,7205,,"Snowy Mountains, New South Wales, Australia – Third-highest on mainland"
Elkhorn Mountain,2195,7201,,"Vancouver Island, British Columbia, Canada"
Mount Baldy,2192,7192,,"Alberta, Canada"
Golyam Perelik,2191,7188,,"Rhodope Mountain, Bulgaria"
Shiprock,2188,7178,,"New Mexico, US"
Mount Tahan,2187,7175,,"Tahan Range, Pahang, Malaysia – Highest in Peninsular Malaysia"
Mount Korbu,2183,7162,,"Titiwangsa Mountains, Perak, Malaysia"
Mount Yong Belar,2180,7152,,"Perak, Malaysia"
Doi Chiang Dao,2175,7136,,Thailand
Galunggung,2168,7113,,Java
Levski Peak,2166,7106,,"Balkan Mountain, Bulgaria"
Monte Cimone,2165,7103,,Emilia-Romagna Italy
Mount Hua,2155,7070,,"Shaanxi, China"
Mount Ugo,2150,7054,,"Cordillera Range, Benguet, Philippines"
Mount Zulia,2149,7051,,Uganda
Carruthers Peak,2145,7037,,"Snowy Mountains, New South Wales, Australia"
Crna Glava,2139,7018,,"Bjelasica, Crna Gora"
Mount Colonel Foster,2135,7005,,"Vancouver Island, British Columbia, Canada"
Roche à Perdrix,2135,7005,,"Fiddle Range, Canadian Rockies, Canada"
Kodaikanal,2133,6998,,"Tamil Nadu, India"
Pilatus,2132,6995,,Switzerland
Strmenica,2122,6962,,"Bjelasica, Crna Gora"
Phu Soi Dao,2120,6955,,Thailand/Laos
Eagle Peak,2119,6952,,"Alaska, US"
Zekova Glava,2117,6946,,"Bjelasica, Crna Gora"
Öræfajökull,2110,6923,,Iceland
Mount Benum,2107,6913,,Malaysia
Mogotón,2107,6913,,Nicaragua – Highest in Nicaragua
Kebnekaise,2106,6909,,Sweden
Rambler Peak,2092,6864,,"Vancouver Island, British Columbia, Canada"
Mount McBride,2083,6834,,"Vancouver Island, British Columbia, Canada"
Pico do Selado,2082,6831,,"Monte Verde, Minas Gerais, Brazil"
Phou Khe,2079,6821,,Thailand/Laos
Schneeberg,2076,6811,,"Northern Limestone Alps, Austria"
Mount Tate,2068,6785,,"Snowy Mountains, New South Wales, Australia"
Bjelašnica,2067,6781,,"Sarajevo Canton, Bosnia and Herzegovina"
Kings Peak,2065,6775,,"Vancouver Island, British Columbia, Canada"
Hoverla,2061,6762,,Ukraine – Highest
Monte Miletto,2050,6726,,Molise Italy
Lytton Mountain,2049,6722,,"British Columbia, Canada"
Mount Katmai,2047,6716,,"Alaska, US"
Mount Dimlang,2042,6699,,"Adamawa, Nigeria"
Mount Celeste,2041,6696,,"Vancouver Island, British Columbia, Canada"
Mount Mitchell,2037,6683,,"Yancey County, North Carolina, US - the highest peak of the Appalachian Mountains and the highest peak in mainland eastern North America"
Namunukula,2035,6677,,Sri Lanka
Pico do Barbado,2033,6670,,"Bahia, Brazil – Highest point in Bahia"
Mount Batu Brinchang,2032,6667,,"Cameron Highlands, Pahang/Perak, Malaysia"
Doi Mae Tho,2031,6663,,Thailand
Clingmans Dome,2025,6644,,"Great Smoky Mountains, Tennessee, US"
Mount Heng (Shanxi),2017,6617,,"Shanxi, China"
Kopaonik,2017,6617,,"Pančić's Peak, Serbia"
Alpe di Succiso,2017,6617,,Province of Reggio Emilia Italy
Kom,2016,6614,,"Balkan Mountain, Bulgaria"
Polar Bear Peak,2016,6614,,"Chugach Mountains, Alaska, US"
Mount Asgard,2015,6611,,"Baffin Mountains, Nunavut, Canada"
Mount Le Conte,2010,6594,,"Great Smoky Mountains, Tennessee, US"
Serra da Estrela,1993,6539,,Portugal
Mount Bogong,1986,6516,,Australia – Highest in Victoria
Mount Ishizuchi,1982,6503,,Japan – Tallest in Western Japan
Doi Phu Kha,1980,6496,,"Luang Prabang Range, Thailand"
Pizzo Carbonara,1979,6493,,Province of Palermo Sicily
Topo de Coroa,1979,6493,,Cape Verde
Mount Tongariro,1978,6490,,New Zealand
Iceberg Peak,1977,6486,,"Vancouver Island, British Columbia, Canada"
Pico Turquino,1975,6480,,Cuba – Highest point
El Piveto Mountain,1969,6460,,"Vancouver Island, British Columbia, Canada"
Qiajivik Mountain,1963,6440,,"Baffin Island, Nunavut, Canada"
Monte Tamaro,1962,6437,,"Ticino, Switzerland"
Farcau Peak,1956,6417,,Romania
Montalto (Aspromonte),1955,6414,,Calabria Italy
Ciucas Peak,1954,6411,,Romania
Chionistra,1952,6404,,Cyprus
Hallasan,1950,6398,,"Jejudo, South Korea – Highest Mountain in South Korea"
Jabal Bil Ays,1934,6345,,Oman
Mullayanagiri,1930,6332,,"Chikmagalur, Karnataka, India"
Helvetia Tinde,1929,6329,,"Roosevelt Range – Highest peak in Peary Land, Northern Greenland"
Botte Donato,1928,6325,,"Sila Mountains, Calabria, Italy"
Mount Kirigamine,1925,6316,,Japan
Mount Washington,1917,6289,,"Presidential Range, White Mtns., Appalachian Mountains, US – Highest in American Northeast"
Mount Siku,1915,6283,,"Pahang, Malaysia"
Mount Jiri,1915,6283,,South Korea
Troglav,1913,6276,,"Highest peak of mountain Dinara, Bosnia and Herzegovina"
Mont Ventoux,1909,6263,,France
Ocolasu Mare,1907,6257,,Romania
Mount Toaca,1900,6234,,Romania
Vesper Peak,1896,6220,,"Washington, US"
Baba Budangiri,1895,6217,,"Chikmagalur, Karnataka, India"
Mount Narodnaya,1895,6217,,"Subpolar Urals, Russia"
Kudremukh,1894,6214,,"Chikmagalur, Karnataka, India"
Orjen,1894,6214,,"Montenegro, Bosnia and Herzegovina"
Iskhodnaya,1887,6191,,Russia – Highest of the Chukotka Mountains
Mount George V,1883,6178,,"Vancouver Island, British Columbia, Canada"
Rugged Mountain,1875,6152,,"Vancouver Island, British Columbia, Canada"
Agastya Mala,1868,6129,,"Tamil Nadu/Kerala, India"
Trident Volcano,1864,6115,,"Alaska, US"
Mount Martin,1863,6112,,"Alaska, US"
Knuckles,1862,6109,,Sri Lanka
Pico Ruivo,1861,6106,,"Madeira, Portugal"
Budacu,1859,6099,,Romania
Giumalau,1856,6089,,Romania
Pico das Torres,1853,6079,,"Madeira, Portugal"
Mont Ross,1850,6070,,"Gallieni Massif, Kerguelen Islands"
Cucurbata Mare,1849,6066,,Romania
Monte Soro,1847,6060,,Province of Messina Sicily
Mount Ulap,1846,6056,,"Itogon, Benguet, Philippines"
Crown Mountain,1846,6056,,"Vancouver Island, British Columbia, Canada"
Tibles,1839,6033,,Romania
Loser,1838,6030,,Austria
Vladeasa,1836,6024,,Romania
Punta La Marmora,1834,6017,,Sardinia
Sinjal,1831,6007,,Mountain Dinara – Highest peak of Croatia
Cerro La Campana,1828,5997,,"Olmue, Chile"
Gora Nevskaya,1828,5997,,"Magadan Oblast, Russia – Highest of the Kolyma Mountains"
Muntele Mare,1826,5991,,Romania
Cerro de la Silla,1820,5971,,Mexico
Pico do Arieiro,1818,5965,,"Madeira, Portugal"
Biligiriranga Hills,1800,5906,,"Chamarajanagar, Karnataka, India"
Monte Maggiorasca,1799,5902,,liguria - Emilia-Romagna Italy
Rigi,1797,5896,,Swiss Alps
Hășmașu Mare,1792,5879,,Romania
Pietrosu Peak,1791,5876,,Romania
Goru,1784,5853,,Romania
Blokhin Peak,1779,5837,,"Chukotka, Russian Federation – Highest in Anyuy Range"
Velliangiri Mountains,1778,5833,,"Coimbatore, Tamil Nadu, India"
Lacaut,1777,5830,,Romania
Saca Peak,1776,5827,,Romania
Penteleu,1772,5814,,Romania
Mount Veve,1768,5801,,"Kolombangara, Solomon Islands"
Mount Adams,1766,5794,,"New Hampshire, US"
Monte Gariglione,1764,5787,,"Sila Mountains, Calabria, Italy"
Sveti Jure (Saint George),1762,5781,,"Mountain Biokovo, Croatia"
Pik Sovetskoy Gvardii,1759,5771,,"Chukotka, Russian Federation"
Vaganski vrh,1757,5764,,"Mountain Velebit, Croatia"
Mount Api,1750,5741,,"Gunung Mulu National Park, Sarawak, Malaysia"
Lovćen,1749,5738,,Montenegro
Tadiandamol,1748,5735,,"Kodagu, Karnataka, India"
Mount Rogers,1746,5728,,"Virginia, US – Highest point in state"
Doi Phi Pan Nam,1745,5725,,"Luang Prabang Range, Thailand"
Mount Wilson,1742,5715,,"California, US"
Mount Jefferson,1741,5712,,"New Hampshire, US"
Monte Amiata,1738,5702,,Province of Grosseto Italy
Daisen,1729,5673,,Japan
The Horn (Mount Buffalo),1723,5653,,"Victoria, Australia"
Mount Batur,1717,5633,,"Bali, Indonesia"
Kumara Parvata,1712,5617,,"Dakshina Kannada, Karnataka, India"
Pushpagiri,1712,5617,,"Pushpagiri Wildlife Sanctuary, Karnataka, India"
Mount Lowe,1707,5600,,"San Gabriel Mountains, California, US"
Boulder Peak,1707,5600,,"Olympic Mountains, Washington, US"
Doi Luang,1694,5558,,Thailand – Highest in the Phi Pan Nam Range
Mitre Peak,1692,5551,,New Zealand
Arma Konda,1680,5512,,India – Highest in Andhra Pradesh
Deomali,1672,5486,,India – Highest in Odisha
Mount Caubvik,1652,5420,,"Torngat Mountains, Canada"
Kalsubai,1646,5400,,India – Highest in Maharashtra State
Rarau,1650,5413,,Romania
Peak 5390,1643,5390,,"Alaska, US"
Yamantau,1640,5381,,"Southern Urals, Russia"
Mount Monroe,1637,5371,,"New Hampshire, US"
Mount Madison,1636,5367,,"New Hampshire, US"
Mount Krebs,1630,5348,,Antarctica
Mount Marcy,1629,5344,,"New York, US"
Trebević,1627,5338,,Bosnia and Herzegovina
Mount Bartle Frere,1622,5322,,"Queensland, Australia"
Rocca Busambra,1613,5292,,Province of Palermo Sicily
Velky Rozsutec,1610,5282,,"Mala Fatra, Slovakia"
Brahmagiri,1608,5276,,"Kodagu, Karnataka, India"
Mount Katahdin,1606,5269,,"Maine, US"
Sněžka,1602,5256,,"Krkonoše, Czech Republic – #1 in Czech Republic"
Sirumalai,1600,5249,,Tamil Nadu India
Mount Lafayette,1600,5249,,"New Hampshire, US"
Mount Washington (British Columbia),1590,5217,,"Vancouver Island, British Columbia, Canada"
Mount Benarat,1585,5200,,"Gunung Mulu National Park, Sarawak, Malaysia"
Wai'ale'ale,1569,5148,,"Kauai, Hawaii, US"
Salher,1567,5141,,"Maharashtra, India"
Cirque Mountain,1567,5141,,"Labrador, Canada"
Algonquin Peak,1559,5115,,"New York, US"
Mount Lincoln,1551,5089,,"New Hampshire, US"
Superstition Mountain,1542,5059,,"Arizona, US"
Mount Tai,1532,5026,,"Shandong, China"
Jabel Yibir,1527,5010,,United Arab Emirates
Madikeri,1525,5003,,"Kodagu, Karnataka, India"
Mount Popa,1518,4980,,Myanmar
Askja,1516,4974,,Iceland
Monte Boglia,1516,4974,,"Ticino, Switzerland"
Kamakau,1512,4961,,"Molokai, Hawaii, US"
Song Shan,1512,4961,,"Henan, China"
Pico de Malpaso,1501,4925,,"Canary Islands, Spain"
Javaleon,1494,4902,,Spain
Mount Nuang,1491,4892,,"Titiwangsa Mountains, Malaysia"
Hekla,1491,4892,,Iceland
Mount Pinatubo,1486,4875,,"Luzon, Philippines"
Spruce Knob,1482,4862,,"West Virginia, US"
Lyaskovets Peak,1473,4833,,Antarctica
Mount Olympus,1471,4826,,"Tasmania, Australia"
Agriolefkes,1471,4826,,"Pelion, Greece"
La Grande Soufrière,1467,4813,,"Guadeloupe, France"
Monte Penice,1460,4790,,Lombardy - Emilia-Romagna Italy
Mount Seymour,1455,4774,,"British Columbia, Canada"
Himavad Gopalaswamy Betta,1450,4757,,"Chamarajanagar, Karnataka, India"
Snæfellsjökull,1446,4744,,Iceland
Gutai Peak,1443,4734,,Romania
Mount Kalourat,1435,4708,,"Malaita, Solomon Islands"
Mount Woodroffe,1435,4708,,South Australia
Cypress Mountain,1432,4698,,"British Columbia, Canada"
Taramati,1431,4695,,"Maharashtra, India"
Harishchandragad,1427,4682,,"Maharashtra, India"
Tukgahgo Mountain,1425,4675,,"Alaska, US"
Raireshwar,1398,4587,,"Maharashtra, India"
Taburno Camposauro,1393,4570,,Campania Italy
Parasnath,1366,4482,,India – Highest in Jharkhand State
Dhupgarh,1350,4429,,India – Highest in Madhya Pradesh
Ben Nevis,1345,4413,,"Scotland, United Kingdom – Highest in the United Kingdom"
Kodachadri,1343,4406,,"Shimoga, Karnataka, India"
Mount Jiuhua,1342,4403,,"Anhui, China"
Mount Aniakchak,1341,4400,,"Alaska, US"
Mount Mansfield,1339,4393,,"Green Mountains, Vermont, US"
Cerro de Punta,1338,4390,,"Jayuya, Puerto Rico – Highest in Puerto Rico"
Mount Bassie,1311,4301,,"Alaska, US"
Ben Macdui,1309,4295,,"Scotland, United Kingdom"
Mount Kanaga,1307,4288,,"Alaska, US"
Sinhagad,1303,4275,,"Maharashtra, India"
Mount Heng (Hunan),1300,4265,,"Hunan, China"
Braeriach,1296,4252,,"Scotland, United Kingdom"
Rajabasa,1281,4203,,"Sumatra, Indonesia"
Mount Vesuvius,1281,4203,,Italy
Mount Ophir,1276,4186,,"Titiwangsa Mountains, Johor, Malaysia"
Bailadila,1276,4186,,India – Highest in Chhattisgarh State
Mount Wellington,1271,4170,,"Tasmania, Australia"
Mount Si,1270,4167,,"Washington, US"
Mount Qingcheng,1260,4134,,"Sichuan, China"
Detunata,1258,4127,,Romania
Mount Donna Buang,1250,4101,,"Victoria, Australia"
Kīlauea,1247,4091,,"Hawaii, US"
Camel's Hump,1244,4081,,"Vermont, US"
Cannon Mountain,1240,4068,,"New Hampshire, US"
The Priest,1238,4062,,"Blue Ridge Mountains, Virginia, US"
Aonach Beag,1234,4049,,"Scotland, United Kingdom"
Grouse Mountain,1231,4039,,"British Columbia, Canada"
Kaʻala,1220,4003,,"Oahu, Hawaii, US"
Mount Jerai,1217,3993,,"Titiwangsa Mountains, Kedah, Malaysia"
Mount Meron,1208,3963,,"Galilee, Israel – Highest in Israel (inside the '67 borders)"
Mount Fromme,1185,3888,,"British Columbia, Canada"
Doi Ian,1174,3852,,"Phi Pan Nam Range, Thailand"
Mount Diablo,1173,3848,,"California, US"
Mount Hombori,1155,3789,,Mali – Highest in Mali
Lochnagar,1155,3789,,Scotland
Bidean nam Bian,1150,3773,,Scotland
Monte Musinè,1150,3773,,"Piedmont, Italy"
Brocken,1141,3743,,"Saxony-Anhalt, Germany – Highest mountain in the Harz; highest in Saxony-Anhalt"
Victoria Peak,1120,3675,,Belize – 2nd highest mountain in Belize
Gora Sovetskaya,1096,3596,,"Wrangel Island, Chukotka – Highest in Wrangel Island"
Kayser Mountain,1094,3589,,"Greenland, Denmark"
Mount Juneau,1090,3576,,"Alaska, US"
Snowdon,1085,3560,,"Gwynedd, Wales, United Kingdom – Highest in Wales"
Tafelberg,1085,3560,,South Africa
Flattop Mountain,1070,3510,,"Alaska, US"
Uummannaq,1070,3510,,Greenland
White Butte,1069,3507,,"North Dakota, US – Highest in state"
Hogback Mountain,1059,3474,,"Virginia, US"
Liathach,1055,3461,,"Torridon, Scotland"
Saka Haphong,1052,3451,,"Bandarban, Bangladesh"
Cambirela,1043,3422,,"Palhoça, Brazil"
Corrán Tuathail,1038,3406,,"County Kerry, Ireland – Highest mountain in Ireland"
Mount Ramon,1037,3402,,"Negev, Israel"
Girnar,1031,3383,,"– Gujarat, India"
Mount Zagora,1030,3379,,Morocco
Buachaille Etive Mor,1022,3353,,"Glen Etive, Scotland"
Munboksan,1015,3330,,South Korea
Kékes,1014,3327,,Hungary – Highest mountain in Hungary
Mount Belumut,1010,3314,,"Johor, Malaysia"
Old Rag Mountain,1001,3284,,"Virginia, US"
Magura Priei,996,3268,  ,Romania
Sgurr Dearg,986,3235,Cuillin  ,Scotland
Mount Sizer,980,3215,Diablo Range  ,US (California)
Mount Valin,980,3215,Saguenay Lac St-Jean  ,Canada (Québec)
Hyangnosan,979,3212,  ,"Gyeongnam Province, South Korea"
Scafell Pike,978,3209,Southern Fells  ,England (Cumbria) – Highest in England
Mount Edgecumbe,976,3202,   ,US (Alaska)
Grand Bonhomme,973,3192,  ,Saint Vincent and the Grenadines
North Mountain (Catskills),969,3179,Catskill Escarpment  ,US (New York)
Doli Gutta,965,3166,Deccan Plateau  ,India – Highest in Telangana State
Mount Monadnock,965,3166,  ,US (New Hampshire) – One of the most frequently climbed in the world
Mount Pirongia,959,3146,Hakarimata Range  ,New Zealand
Tai Mo Shan,957,3140,  ,Hong Kong – Highest in Hong Kong
Chimneytop,950.1,3117,Bays Mountain Range  ,"Tennessee, US"
Helvellyn,950,3117,Eastern Fells  ,England (Cumbria)
Mount Gimie,950,3117,  ,Saint Lucia – Highest point
El Cerro del Aripo,940,3084,Northern Range  ,Trinidad and Tobago – Highest point
El Tucuche,936,3071,Northern Range  ,Trinidad and Tobago
Lantau Peak,934,3064,  ,Hong Kong
Betlingchhip,930,3051,Jampui Hills  ,India – Highest in Tripura
Kaimondake volcano,924,3031,  ,"Kagoshima, Japan"
San Salvatore,912,2992,  ,"Ticino, Switzerland"
Pantokrator,906,2972,  ,Greece (Corfu)
Edinburgh Peak,904,2966,  ,"Tristan Da Cunha, UK"
Cadair Idris,893,2930,  ,Wales
Pen y Fan,886,2907,  ,Wales
Baekunsan,885,2904,  ,"Ulsan, South Korea"
Mount Gerizim,881,2890,  ,West Bank
Sunset Peak,869,2851,  ,Hong Kong
Mahuli,858,2815,  ,"Thane District, Maharashtra, India"
Mount Taylor,856,2808,  ,"Canberra, Australia"
Slieve Donard,856,2808,Mourne Mountains  ,"County Down, Northern Ireland"
Tinakula,851,2792,Tinakula  ,Solomon Islands
Muntele Cetatuia,850,2789,  ,Romania
Mount Saint Catherine,840,2756,  ,Grenada – Highest Point
Mount Magazine,839,2753,Ozark Mountains  ,"Arkansas, US"
Hoemunsan,837,2746,  ,"North Jeolla Province, South Korea"
Bukhansan (Baegundae Peak),836.5,2744,  ,"Seoul, South Korea"
Drocea,836,2743,  ,Romania
Piton de la Petite Rivière Noire,828,2717,  ,"Black River Mountain Range, Mauritius"
Pieter Both (mountain),820,2690,  ,Mauritius
Mount Carleton,817,2680,Appalachian Mountains  ,Canada (New Brunswick)
The Cheviot,815,2674,Cheviot Hills  ,England (Northumberland)
Le Pouce,811,2661,  ,Mauritius
Mount Santubong,810,2657,  ,Malaysia (Sarawak)
Gros Morne,807,2648,  ,Canada (Newfoundland)
Clisham,799,2621,  ,"Harris, Western Isles, Scotland"
Mount Tamalpais,792,2598,California Coast Ranges  ,US (California)
Mission Peak,790,2592,Diablo Range  ,US (California)
Gyemyeongsan,774,2539,  ,"North Chungcheong Province, South Korea"
Mount Boucherie,758,2487,  ,Canada (British Columbia)
Daeunsan,742,2434,  ,South Korea
Mount Dobong,740,2428,  ,South Korea
Mount Lofty,727,2385,  ,South Australia
Ben Cleuch,721,2365,  ,Scotland
Corps de Garde,720,2362,  ,Mauritius
Gaseopsan,710,2329,  ,"North Chungcheong Province, South Korea"
Mount Dick,705,2313,  ,"Auckland Islands, New Zealand"
Piton Savanne,704,2310,  ,Mauritius
Pu‘u ‘Ō‘ō,698,2290,  ,US (Hawaii)
Signal de Botrange,694,2277,High Fens  ,Belgium (Liège) – Highest in Belgium
Ishpatina Ridge,690,2264,  ,Canada (Ontario)
Curepipe Point,686,2251,  ,Mauritius
Galgisan,685,2247,  ,"Gyeonggi Province and Gangwon Province, South Korea"
Delphi,681,2234,  ,Greece (Skopelos)
Qalorujoorneq,676,2218,  ,Greenland
Lion's Head,669,2195,  ,"Cape Town, South Africa"
Les Trois Mamelles,666,2185,  ,Mauritius
Steling,658,2159,High Fens  ,Belgium
Maple Mountain,642,2106,  ,Canada (Ontario)
Mountain Lagrave (Montage Lagrave),638,2093,  ,Mauritius
Kinder Scout,636,2087,  ,"Peak District, England – Highest in Peak District"
Masaya Volcano,635,2083,  ,Nicaragua
Calebasses Mountain (Montagne Calebasses),632,2073,  ,Mauritius
Mount D'Urville,630,2067,  ,"Auckland Islands, New Zealand"
Moel Eilio,629,2064,  ,"Snowdonia, Wales"
High Willhays,621,2037,  ,England (Dartmoor)
Snaefell,621,2037,  ,"Isle of Man, British Isles"
Beinn Mhòr,620,2034,  ,"South Uist, United Kingdom"
Munsusan (Ulsan),600,1969,  ,"Ulsan, South Korea"
Mount Takao,599,1965,  ,"Tokyo, Japan"
Piton de Fouge,596,1955,  ,Mauritius
Sikjangsan,596,1955,  ,"Daejeon, South Korea"
Forbordsfjellet,590,1936,  ,"Nord-Trøndelag, Norway"
Piton du Millieu,589,1932,  ,Mauritius
Gwanggyosan,582,1909,  ,"Gyeonggi Province, South Korea"
Mount Pond,576,1890,  ,South Shetland Islands
Mount Tabor,575,1886,  ,"Galilee, Israel"
Monte Conero,572,1877,  ,Italy (Ancona)
Gyeryongsan,566,1857,  ,"South Gyeongsang Province, South Korea"
Mount Honey,558,1831,  ,"Campbell Islands, New Zealand"
Le Morne Brabant,555,1821,  ,Mauritius
Tourelle du Tamarin,548,1798,  ,Mauritius
Rempart Mountain (Montagne du Rempart),545,1788,  ,Mauritius
Palasip Qaqqaa (Præstefjeldet),544,1785,  ,"Qeqqata, Greenland"
Namamsan,543,1781,  ,"Ulsan, South Korea"
Taum Sauk Mountain,540,1772,  ,"Missouri, US"
Great Mell Fell,537,1762,Eastern Fells  ,England (Cumbria)
Geomdansan (Seongnam),534.7,1754,  ,"Gyeonggi Province, South Korea"
Mountain Blanche (Montagne Blanche),532,1745,  ,Mauritius
Yeonhwasan,532,1745,  ,"Ulsan, South Korea"
Heukseongsan,519,1703,  ,"North Chungcheong Province, South Korea"
Avala,511,1677,  ,Serbia
Mountain La Terre (Mont La Terre),504,1654,  ,Mauritius
Lion Mountain (Montagne Lion),480,1575,  ,Mauritius
Little Si,480,1575,Cascade Range  ,"Washington, US"
Mount Ramsay,475,1558,  ,Antarctica
Tutuiatu Peak,467,1532,  ,Romania
Mount Keira,462,1516,  ,"New South Wales, Australia - near the city of Wollongong"
Pu'u Moaulanui,452,1483,  ,"Kahoolawe, Hawaii"
Blue Mountain,452,1483,  ,"Ontario, Canada"
Muryongsan (Ulsan),452,1483,  ,"Ulsan, South Korea"
Achladokambos,450,1476,  ,"Achadokambos, Greece"
Dongdaesan (Ulsan),447,1467,  ,"Ulsan, South Korea"
Diamond Hill,442,1450,Connemara National Park  ,Ireland
Gibraltar,426,1398,  ,Gibraltar
Pic Paradis,424,1391,  ,Saint Martin (France) – Highest point
Havsula,415,1362,  ,"Svalbard, Norway"
Storm King Mountain,408,1339,Hudson Highlands  ,US (New York)
Gyeyangsan,395,1296,  ,"Incheon, South Korea"
Mount Galloway,366,1201,  ,"Antipode Islands, New Zealand"
Pawala Valley Ridge,347,1138,  ,Pitcairn Islands (United Kingdom) – Highest point
Loughrigg Fell,335,1099,Central Fells  ,England (Cumbria)
Mount Kinka (Gifu),329,1079,  ,"Gifu, Japan"
Vaalserberg,321,1053,  ,Netherlands (Limburg)
Mount Bates,319,1047,"Norfolk Island, Australia  ",{{{4}}}
Suur Munamägi,318,1043,  ,"Haanja, Estonia"
Gaiziņkalns,312,1024,  ,Latvia – Highest Point in Latvia
Mutla Ridge,306,1004,  ,Kuwait – Highest point
Aukštojas,293.84,964,  ,"Medininkai, Lithuania"
Kruopinė,293.65,963,  ,"Vilnius, Lithuania"
Juozapinė,292.7,960,  ,"Vilnius, Lithuania"
Morne du Vitet,286,938,  ,Saint Barthélemy (France) – Highest point
Qixia Mountain,286,938,  ,"Nanjing, China"
Hwajangsan,285,935,  ,"Ulsan, South Korea"
Potolaka/Putuo Shan,284,932,  ,"Zhejiang, China"
Westmacott,253,830,  ,"New South Wales, Australia"
Jerimoth Hill,247,810,  ,"Rhode Island, US"
Mount Ngerchelchuus,242,794,  ,"Babeldaob, Palau – Highest point"
Diamond Head,232,761,  ,US (Hawaii)
Yeomposan,203,666,  ,"Ulsan, South Korea"
Hamwolsan,200,656,  ,"Ulsan, South Korea"
Great Blue Hill,193.5,635,  ,"Massachusetts, US"
Alto de Coloane,170,558,  ,Macau – Highest point
Bukit Timah Hill,164,538,  ,Singapore – Highest point
Himmelbjerget,147,482,  ,Silkeborg (Denmark) – In order to reach the ascent the Ferry Hjejlen can be used
Les Platons,143,469,  ,Jersey (United Kingdom) – Highest point
Aborrebjerg,143,469,  ,"Møn, Denmark"
Māngere Mountain,107,351,  ,New Zealand
Britton Hill,105,344,  ,"Florida, US – The lowest high point of any U.S. state"
Qurayn Abu al Bawl,103,338,  ,Qatar – Highest point
Command Ridge,71,233,  ,Nauru – Highest point
Mount Wycheproof,43,141,  ,"Victoria, Australia – smallest mountain"
Hoge Blekker,35,115,  ,"West Flanders, Belgium – Shortest mountain in Belgium"
Bentenyama,6.1,20,  ,"Tokushima, Tokushima Prefecture, Japan"
Mount Pleasant,5,16,  ,"Texas, US – Shortest Mountain in Texas"
Mount Tenpō,4.53,15,  ,"Osaka, Japan"
Tianzhong Mountain,3.6,12,  ,"Henan Province, China"
Mount Hiroyama,3,10,  ,"Sendai, Japan – Shortest Mountain in Japan"
Jing Mountain [yue],0.6,2,  ,"Shandong Province, China – Shortest Mountain in China"
